Actual ETH,Predicted ETH
25.0,21.720773368985935
80.0,71.88239347943073
78.0,68.65007300158445
55.68,54.873381242313954
8.99999,8.806818849495846
64.25,67.11503786196486
73.94,73.98082646129355
24.0,32.89767807811576
5.6,5.244110456004564
77.95,78.85732666828164
21.5,22.39161528282268
67.0,70.092926504815
79.0,77.449122193115
17.0,18.91175017659866
46.9,51.66515769333775
34.0,29.984954117733963
105.0,107.80195086076037
28.99,27.831473506017804
21.0,20.795994228079252
11.0,14.077753545171868
125.0,121.57695286131832
63.7,65.56155495811932
74.78,72.5616078672874
24.97,25.232084313341055
0.5,1.1398304731856905
6.9,8.640689374703804
26.25,24.070154307959143
1.6,1.9867074736642005
76.94,73.57923721789376
0.27,1.0887096019913254
53.82,56.306304385778276
0.97,2.710676578297387
0.5,0.7870053801781917
18.0,18.393059660969836
37.0,42.531955568275606
57.0,54.925356809971476
65.5,69.09511145801915
11.0,6.960278569001177
88.5,82.70949867088031
148.0,150.2735048303411
26.0,22.97639017173689
70.99,70.07715962213494
70.0,37.651210555602326
1.6,1.530705627733751
42.666,46.21664356012199
64.99,65.837646936657
110.0,105.87352026615281
81.5,87.85143425792984
27.0,22.619165522176946
0.4,1.0975327492293558
59.39,61.30075087797773
23.8,25.464220357101212
79.0,79.11583172613724
21.0,19.097072958672985
95.0,94.28799571390876
51.01,54.873381242313954
66.75,68.62586124752136
74.5,75.59344226145629
0.14,0.9908969852224624
8.88,8.23829673954837
0.48,2.0739822645894974
9.04999,10.41039236364662
63.0,62.78702625943905
110.0,104.81509043421494
20.0,18.675836722426183
0.75,1.0658898878893919
1.2,1.7442240443686399
24.5,20.548460380019986
27.99,36.2690650296452
57.42,57.1888987261823
60.29,62.532907937273464
21.9,20.876165005797468
119.95,117.43705946770736
62.25,61.96979567828805
143.5,138.4745645352135
74.8,72.77304684834732
1.5,1.81103710508083
26.25,23.76333598216575
57.04,57.1888987261823
650.0,717.1050655655729
0.74,0.8738080547047162
32.0,30.742678246424827
27.5,27.968024309370715
86.0,84.80378121001785
66.4,66.71890909797781
52.0,52.73642366517839
19.0,19.175333237871428
71.8,72.77304684834732
25.0,20.183856183940726
23.99,23.26779514735304
5.48,6.487759065695611
51.3,54.39390308902485
4.99,6.672064823249277
105.0,108.04444593679293
23.39,26.51067687948664
0.2,1.9248891727081257
7.9,7.873638739847984
4.97,6.557209644648365
0.1,1.0634544398670411
1.0,0.841716608638132
60.0,58.23460284744936
130.0,125.0838459569814
54.95,61.1605538860443
198.0,206.2054856425819
0.4,1.0887096019913254
22.99,26.718388456217703
57.34,57.1888987261823
0.3,0.8925044840107038
49.99,51.68617856079357
9.9,8.740533837662154
4.95,5.244110456004564
52.0,60.791036513504395
55.99,57.62913852816338
70.0,71.57490677053417
59.55999,60.14747363664204
30.0,28.60326039436664
499.99,444.32524454411305
26.101,27.124606714551657
20.0,20.981738939451724
21.9,19.442394120170782
19.0,19.085266251079098
50.9,54.31836472274719
54.44,54.67324717304887
88.88,77.95651457497264
96.0,94.55018363055679
42.5,40.840098641345975
1.9,1.9021260125320114
3.99,2.543193664633122
59.69,59.93603465558213
29.0,27.356122397503405
0.06,1.1057521638233758
109.95,109.17258812076265
45.0,47.350507984062396
34.99,31.297157004601633
67.89,66.12798602194425
28.0,27.892370602853962
6.5,6.638590246530974
79.0,73.92451549316026
75.0,77.51086646153074
0.25,1.1668377744171925
31.0,29.102394134432295
18.8,19.407409723433666
1.0,1.2118427413578174
66.58,69.99785143847983
17.0,18.93974556474058
54.0,53.98451382540817
69.69,70.13664464126653
22.94,21.20279136185782
157.8,157.9867329441158
81.95,83.94595759745287
162.5,165.94677759198717
19.99,19.25740163134683
74.5,73.30236625285063
133.45,132.74186411027023
54.0,58.676579503205154
25.0,20.367394646028767
49.99,51.27756258744808
90.0,82.8321400361322
22.48,20.894036533077767
129.0,125.89085086565032
0.4,0.7781822329401612
49.3,50.288806504366896
18.5,19.44433969085482
47.99,50.79912727571336
42.0,29.057472496095308
51.69,44.290573131509305
0.95,1.1238798013635516
44.69,53.989897304858815
65.0,60.079876215802116
0.4,1.0887096019913254
57.99,55.67533225521423
30.0,29.984954117733963
25.0,33.13363770256957
23.0,22.56964227238841
57.0,66.7432506439039
47.9,57.19092674308823
0.25,1.0339983735313851
48.95,54.33908545288526
55.99,57.62913852816338
16.49,14.880134043839819
57.7,59.17621581800951
50.9,54.66194226125404
18.0,18.91175017659866
65.25,66.35346803802591
15.0,16.167762275045344
100.0,86.09244888951876
55.4,56.288571894628774
0.38,1.0161521473467467
30.0,30.423046404412045
24.5,29.734428532810618
51.5,51.38414635626873
149.9,141.09259524798807
1.49,1.5129232405332718
49.27,53.588788955766134
0.4,1.0339983735313851
0.2,1.0887096019913254
27.9,27.087035560778954
25.75,23.860227140724525
118.0,110.13102449766191
20.75,20.33279937372497
19.7,19.052691872619544
26.0,25.00819553921397
34.99,39.841881324890664
2.5,3.031165453798438
0.36,0.9472157124706443
73.95,71.35847592483717
105.0,110.56766788854597
85.0,76.06770885181348
48.9,60.02458101287772
69.69,68.78203711588229
84.95,80.09253507410175
1.4,1.7442240443686399
23.0,20.333860704416924
0.45,1.0339983735313851
73.98,73.57923721789376
0.25,1.0339983735313851
104.5,98.57065358963514
132.0,126.40901665842777
68.5,70.20929041953974
19.5,19.282565261458107
76.66,78.49104544769743
14.0,15.480140263326707
0.11,1.0887096019913254
18.88,19.34651262659751
110.0,106.18366990995689
23.5,23.593651129792086
65.94,69.99785143847983
85.0,79.77291458899461
4.0,4.48554877069731
70.0,69.73119527367828
4.6,6.5749920318488435
45.0,46.06801196467734
72.44,72.3236907447392
75.0,76.56770356976578
9.69,10.47631091403746
23.0,21.31660957987167
72.0,72.02530141648755
57.049951,57.1888987261823
84.95,79.01535655685691
23.0,21.255712483035513
21.5,20.759298839909093
57.0,50.81838007726818
29.99,38.07838248278195
22.0,18.393059660969836
0.9,1.0570667406513614
54.5,54.550605807796984
119.37,117.45975391914376
3.8,3.8175400631366934
115.0,103.34082698757754
5.94,5.244110456004564
56.75,57.1888987261823
24.99,29.8570698980625
100.0,104.96595356723294
5.0,6.487759065695611
25.0,23.122209920459678
3.5,5.244110456004564
16.0,16.77812633381291
0.45,0.8011752883002118
60.0,56.09605166493113
22.0,20.469070400936488
53.0,52.56220830914032
99.9,98.42463782208965
63.65,65.68419632337121
65.99,70.20929041953974
70.0,74.6141137371354
20.0,19.195657362931104
39.0,31.617960549169478
39.99,33.619690457234924
57.0,57.1888987261823
32.0,29.034750166448088
140.0,138.59720590046538
1.0,1.177438422977638
64.9,61.87032790008633
20.88,20.33279937372497
26.0,23.30574838254772
4.94,6.605251762537087
7.5,6.993617052995064
107.0,100.42994203902849
68.0,67.6279793743164
27.77,26.896504578879338
27.0,23.930880200029204
3.4,3.031165453798438
1.75,2.5592132529719303
0.5,0.7781822329401612
0.075,0.8499360232321518
0.05,0.7336224022195929
44.0,36.784606728813195
63.95,63.734056028161085
76.66,68.71465886332938
88.0,75.3446060789068
79.99,76.95450103981665
21.98,22.653865312288023
60.02,59.17621581800951
0.49,1.5513286637423866
26.0,25.99060853633904
48.0,51.87887764626387
0.13,1.0331947091787972
1.4,2.9034390115577193
38.5,34.54602592191006
67.0,70.20929041953974
21.0,20.37526640383884
24.9999,28.345436592067074
77.8,73.57923721789376
0.35,0.8328934614001015
84.0,87.44540352018505
150.0,150.2735048303411
0.3,1.0887096019913254
4.99,6.5749920318488435
65.0,63.00818319131315
0.15,1.9559557522337558
0.75,1.081582077407217
67.25,66.56490701908582
0.05,1.1057521638233758
59.5,60.16483547650329
15.99,15.640386207986788
27.5,23.737585775472642
71.99,73.01466818900501
73.0,70.20929041953974
0.9,1.004068718655317
54.45,53.30591657111117
22.98,23.866265784276553
127.49,118.59541193873089
84.0,80.94574903993188
29.8,26.957401675715495
100.0,101.52083793767717
59.98,61.53724566315698
31.63,29.801415655645922
1.5,2.218028221918772
125.0,118.79222474924346
33.95,37.00223220247354
99.99,102.78890203340342
1.3999,1.81103710508083
85.0,87.83585259750905
3.0,2.4160812960937847
30.5,28.802462452890275
74.9,75.3018692209946
210.0,124.21267505034183
0.1,1.0634544398670411
0.1,1.1057521638233758
76.95,74.61076773737976
93.0,89.04651665829267
6.49,8.433051288251493
15.0,9.7031670829687
100.0,92.44370475798367
19.9,20.272963607580767
33.0,29.137726671288156
16.3,18.547430623618883
3.8,3.8175400631366934
5.0,6.215838333587076
0.05,0.7617502180539074
74.78,72.89568821359921
155.0,160.65912493603736
63.94,66.35346803802591
8.5,8.360938104800253
77.99,77.96994626679272
25.04,26.718388456217703
5.98,8.457628639705218
15.49,14.502431276975864
0.65,1.0339983735313851
0.05,0.752927070815877
48.0,48.932815083272374
200.0,198.28313736236876
80.01,80.9889851537586
99.69,99.96249634357821
14.5,14.65447224523623
0.066,0.8857664717016843
1.2,1.7442240443686399
0.34,1.0161521473467467
77.5,73.03941312872887
34.99,39.37282039903651
269.69,277.7622503258231
26.5,24.999372391975935
155.0,151.8626864839018
0.75,1.0887096019913254
0.3,1.0161521473467467
0.05,0.928064195658019
0.29,1.13100732594766
0.164,1.0887096019913254
135.0,135.90006589167197
28.28,32.53788066094436
27.99,27.892370602853962
70.0,67.98999713135149
1.3e-07,-5.015848052749232
20.0,20.39560497283265
53.11,54.66194226125404
56.61,57.1888987261823
2.5,1.7634366033047744
26.0,21.679831197066886
35.99,33.025776653916445
115.0,110.87915127617684
78.0,76.29950441288202
2.95,2.748658105104987
125.0,120.31100989683915
18.99,19.052691872619544
84.95,85.61280497876434
85.0,65.85912927965484
90.95,88.13450252717351
0.375,1.0339983735313851
103.0,100.77434698976958
20.1,19.64697770036458
74.83,72.77304684834732
77.77,84.43388665897969
21.5,20.186832065409632
0.2855,1.0339983735313851
24.99,27.087035560778954
84.99,84.67589682481866
63.94,66.56490701908582
72.0,74.3637485538412
28.5,26.896504578879338
68.95,69.43537155428852
55.55,52.859029309868
66.0,67.06418712752263
220.0,232.85135589912048
8.5,8.280594463504704
21.4,20.49945251624308
9.5,10.537208010873616
57.8,57.62913852816338
0.7,0.766949007370081
30.5,29.44098162620377
4.9,6.532694307892509
21.25,22.330718185986523
128.0,126.60630730120401
56.0,52.5245212039688
137.0,135.67774590071411
79.0,77.61850937102606
14.55,14.058586678629078
67.95,66.91385341994497
57.5,61.76645243664679
63.69,63.96803373739448
49.39,51.56024881923536
0.235,1.0887096019913254
0.9,1.1638375687859226
16.0,16.120774616310214
1.05,1.1529230862217825
26.9,23.74362441902467
56.8,57.62788794659649
2.8,4.172819688189555
0.51,1.1668377744171925
1.0,1.1106253622654478
23.7,21.679831197066886
27.0,27.001965349299773
20.0,19.28786461005396
48.2,53.71143032101802
30.0,28.43352338033909
80.0,82.7061933688977
35.0,37.00223220247354
110.0,106.12277281312073
1.09,1.2751555800683025
59.2,62.532907937273464
9.8,10.726134387959192
48.5,50.489841682684265
53.24,54.873381242313954
45.0,46.81970278979251
21.75,22.99918647378582
21.9,21.26628809689561
0.06,0.8076382992758171
159.0,140.5533224126315
76.69,74.91002342050386
81.0,82.69682552105654
18.99,21.199882104349953
99.98,98.46143958534196
59.0,62.03821002179112
5.89,8.457628639705218
80.0,79.8955559542465
1.9,2.601510976928265
74.8,72.5616078672874
8.3,8.14393628359492
0.3055556,1.13100732594766
96.99,97.42656801475759
61.95,67.52163596838923
0.3,1.0339983735313851
0.25,1.13100732594766
0.26,1.0887096019913254
53.11,55.19274745552393
21.95,22.39161528282268
82.5,79.59886606751151
225.0,191.95084619546634
28.99,27.001965349299773
2.7,2.56749060296109
79.9,79.095078337139
6.99,8.614083840265295
99.9,107.25735348307872
81.81,79.26769225767565
25.9,27.892370602853962
21.0,22.514256648074564
114.0,115.96348897066042
50.0,51.290891586532254
29.0,29.362228084327448
0.3,1.183880336249243
29.99,29.21626077601211
6.0,6.8092236951571525
0.2,1.0887096019913254
0.3,0.8751911853564361
101.0,105.4058649717214
40.0,41.12607324943958
45.0,35.50776869509996
75.95,78.70137388737712
0.65,1.0658898878893919
0.27,1.9559557522337558
56.8,57.1888987261823
2.15,1.4884079037774163
56.55,57.1888987261823
89.99,96.97184171958206
104.94,110.14695714183206
0.13,1.0634544398670411
0.25,1.2091354983735272
74.0,61.82773028866838
20.49,19.81137151798241
71.99,61.65990935932333
59.82,62.532907937273464
0.4,1.13100732594766
25.75,23.737585775472642
22.2,21.679831197066886
33.0,37.06397647088928
59.9999,63.62385898051446
147.0,152.76889417786379
3.69,4.552361831409501
49.0,51.38143794754474
0.06,0.8857664717016843
76.76,76.22572036707932
0.17,0.9450089040005526
124.95,122.8145022152803
28.5,27.29437812908768
66.88,73.91926399709055
49.49,51.32054085070859
19.6,19.11806755966976
80.0,78.42429953374342
31.0,27.822057001055377
1.8,2.5769956401724095
18.8,19.15159358284244
108.88,112.71961712958252
0.4,1.0851192447257503
55.0,54.338426154122885
23.0,18.393059660969836
115.0,112.82354614472035
25.0,23.860227140724525
105.0,110.01123264383709
0.35,1.0584498713030814
25.0,23.74325440697328
72.0,67.55527766394596
29.0,23.737585775472642
27.0,28.585527903217137
79.99,81.93556191587055
250.0,280.29636542899857
40.0,32.78182785329921
53.0,54.66194226125404
224.95,231.36094788870378
0.3,1.0887096019913254
68.0,68.5612576041798
25.0,32.03703406591968
126.8,121.82679091789429
64.94,69.4912402220062
65.95,65.62620795559708
25.0,21.679831197066886
39.0,34.35985162962637
1.9,1.5804579668633658
0.4998,1.0887096019913254
24.0,26.572421147902364
119.9,120.0730860583633
65.0,55.68943391021625
78.95,75.62746904983238
0.59,1.0887096019913254
25.0,27.209676926030838
48.35,50.41144786961878
0.12,0.936185756762522
105.0,97.98212693774965
0.5,1.0762960974877198
45.9,61.11462892128792
69.0,69.8671340204438
110.0,107.82793174120646
77.0,78.32677939023479
0.25,1.0634544398670411
2.5,2.8262972296361437
24.0,22.94722427150736
14.5,12.604515619143438
7.3e-06,-4.404432715251337
15.0,14.151835194923034
63.66,65.68419632337121
8.0,10.59161743316125
7.84,7.83134101589165
24.69,21.473246568056783
105.95,95.52453855597372
2.0,1.4884079037774163
0.52,0.9110216338259687
79.2,76.56991395851108
37.0,39.311076130620776
0.15,1.13100732594766
69.27,68.78203711588229
4.0,2.561521849082472
82.5,83.8820226055845
64.0,65.0506898003368
56.27,57.1888987261823
30.0,26.365560933091828
0.2,1.0887096019913254
25.5,23.676688678636484
15.0,15.21265289563877
90.0,93.43372038647496
58.97,55.8976522461721
69.96,70.19838890968227
0.12,1.0722775871050716
61.0,67.26754127627511
25.0,21.618934100230728
70.11,74.9952992561695
15.0,9.227219570113592
2.9,2.988867729842103
13.2,21.66961854721612
26.75,27.869044659790507
54.14,53.7892393022692
98.0,98.39969531692623
55.0,66.66807697576071
19.0,18.47100503061195
40.0,35.49380265683302
85.0,78.31023058969835
93.99,94.48928653372063
58.92,62.32146895621355
59.57,61.30075087797773
4.99,6.532694307892509
33.3,37.00223220247354
82.0,75.84914072804398
7.5,8.433113302949364
65.6,67.2158384818681
68.5,68.28915413796318
0.075,1.2275897827954794
120.0,119.88954759627525
0.0510005,1.1081876118457266
100.0,96.76232944854864
0.36,1.13100732594766
1.48,1.5552209644896064
37.0,34.23653745004685
149.99,150.1508634650892
80.0,76.56991395851108
59.0,52.022507492491236
68.89,74.48623059682525
62.0,67.77726518154776
0.0510005,0.752927070815877
165.0,143.73219945406464
95.0,94.96753327034571
57.39,57.1888987261823
0.6,1.0570667406513614
77.95,78.25488076338573
1.0,1.1351406990213033
5.58,5.244110456004564
58.98,62.32146895621355
165.0,160.53924938516013
62.41,63.824451155271
59.99,62.67370800023713
14.0,12.101098721914854
0.09,1.0087432114071009
66.0,67.11503786196486
74.83,72.5616078672874
55.5,58.323400463257386
25.0,23.869983103193047
73.5,61.256857050284225
0.05,0.9095470458427543
0.08,0.9717736422042554
21.7,20.33279937372497
56.99,66.27902970471595
12.0,15.253349668144958
115.0,116.25269232402954
0.3,1.0146937049351008
115.0,115.53023657000938
58.83,60.376278634971285
66.21,69.99785143847983
49.99,56.47609967888116
46.0,49.70434214645598
94.0,95.95464285951265
20.0,21.196256658212945
80.0,74.72590133858293
28.0,25.232084313341055
67.5,66.947709918899
0.34,0.8328934614001015
5.689,6.652768494597077
47.0,50.618077986844064
23.25,20.33279937372497
22.0,22.660357113300453
51.49,53.97787395864981
1.65,3.58400689886692
74.78,72.77304684834732
230.0,228.43186853607492
73.5,79.25486547172143
53.12,54.66194226125404
67.47,68.37771914209175
72.9,72.41248836054721
34.9,39.65879500713012
0.99,1.7442240443686399
99.0,86.34194170709293
73.5,73.6547038163085
230.0,231.3390842748291
0.5,1.5181053016767758
2.3e-06,10.041825248673032
57.6,59.93603465558213
91.0,94.74621718074101
1.0,1.2083425193561124
14.0,15.781890355053447
101.0,103.77159930601765
82.28,85.7632214590882
23.0,22.361014316723928
19.25,19.676512644091602
48.99,50.738854145096596
111.0,106.18366990995689
62.69,67.08188803982489
1.3,1.3209323364067254
66.79,66.0752709048162
23.0,20.437010672254566
74.77,72.6842492325393
106.99,106.57556576635665
0.07,1.0087432114071009
65.0,68.77133409438756
76.99,72.35341830014895
0.479,1.0339983735313851
21.98,22.94722427150736
180.0,176.7129855625646
1.13,1.2083425193561124
58.99,62.67370800023713
142.98,141.28841914788805
57.0,62.23645255249901
40.0,40.71745727609409
0.13,1.0510409353634356
48.9,49.091360024552735
175.0,167.5502054125714
6.0,3.9269641776051927
1.1,1.2328578561119679
77.77,82.55819180161983
0.1,1.1057521638233758
22.0,20.24857633382536
67.0,68.4386162389279
67.95,61.48923945683691
1.999,2.5346979162160745
73.95,72.45327126247565
0.184888464,1.9559557522337558
140.0,136.9101013094101
22.94,20.33279937372497
115.0,116.25269232402954
90.0,88.24973391691144
5.5,6.557209644648365
72.44,69.36858451958918
0.7,1.0570667406513614
95.99,85.96980752426687
136.69,138.4745645352135
23.0,22.507898003972684
0.2,1.0762960974877198
85.0,85.08175527786457
21.7,22.727128816173316
71.0,70.8735495450421
0.1,1.0087432114071009
50.05,57.34164995651401
0.25,1.0887096019913254
45.99,50.244648517536554
3.59,4.955896710252665
25.99,23.842604068604878
25.0,23.78170697176872
7.0,8.433051288251493
107.0,110.44502652329408
5.9,5.244110456004564
60.02,63.85266397884371
1.6,2.2568208606794182
0.21,1.0762960974877198
700.0,726.7247852282002
50.0,49.07625079728217
88.0,87.53680250768562
23.0,22.79285170964885
47.5,51.25879658229285
17.0,18.024675298092834
60.0,62.532907937273464
84.95,75.8389080308923
67.47,68.37771914209175
88.8,87.53680250768562
60.0,57.40408142165439
76.95,75.7740639110962
66.0,70.18002804813482
23.75,19.565035485422666
31.0,28.4197219322786
1.39,1.4884079037774163
32.0,36.94133510563739
12.0,13.052292498622972
27.0,31.190972610347863
0.05,0.8164614465138476
31.47,31.52510470415937
205.0,198.6589762625147
16.25,16.243136205420704
16.25,15.058147271974994
148.0,150.08996636825304
65.01,70.12049280373172
0.15829,0.9626095654700063
57.95,57.98729270092212
0.4,1.0975327492293558
25.95,28.480619029114756
38.0,40.94253478735154
4.49,6.647549486493421
32.5,28.91017643193389
55.0,57.25792610815838
0.071,1.1057521638233758
53.0,54.611502904633134
5.0,5.286408179960898
150.0,150.08996636825304
69.0,60.079876215802116
44.99,44.95768238665858
39.0,43.08804547265706
69.7,69.46127556739789
89.0,96.90091770788686
29.9,36.20816793280905
18.9,19.17033646255828
109.0,111.16775489733104
88.88,87.2203428475345
33.0,37.00223220247354
29.0,29.102394134432295
34.97,36.11701043707104
63.0,66.56490701908582
73.0,68.83730022858127
64.99,64.9280484350849
18.9,19.085266251079098
65.0,57.64227961451963
56.7,57.31154009143419
54.75,60.791036513504395
0.55,1.0904052246452474
91.98,90.82494623677067
12.6,13.707343073463534
27.0,21.618934100230728
101.0,104.60340309842665
44.0,46.85508025632911
95.0,84.83192710220835
1.0,2.510273359995782
32.0,26.910775345137615
77.5,74.14779597950587
32.5,36.5164762261571
0.39,1.0975327492293558
60.0,66.68378182680333
58.14,53.90255756147113
18.88,20.272963607580767
24.0,29.734428532810618
140.0,153.76494114618362
75.95,80.86634378850671
19.49,20.39560497283265
78.5,79.06045625139524
90.0,97.65241570999088
52.2,56.18366302052639
19.5,16.704028108025454
12.0,13.052292498622972
74.7,72.6842492325393
22.5,20.33279937372497
22.8,20.230843842675856
0.5,0.7781822329401612
148.0,150.1508634650892
74.0,78.58891806934045
0.11,1.059864082601466
94.0,86.12184487148552
136.44,138.53546163204965
4.79,5.286408179960898
0.075,1.0634544398670411
0.15,1.0339983735313851
24.0,22.915625291449576
129.0,126.01349223090222
57.16,57.31154009143419
16.66,18.081031651511026
0.5,0.8204799568964959
12.0,13.588485607890387
0.25,1.13100732594766
33.0,33.64660578917641
4.95,6.6950662185534116
22.75,19.565035485422666
14.5,14.539183318928321
63.49,65.74884932084898
36.0,34.18264578083352
90.0,84.32259921886174
21.0,22.330718185986523
73.5,77.31313532741504
13.5,13.905797715163107
0.1,1.1145753110614063
34.5,31.331985941075878
22.5,22.59859688557296
5.25,6.629767099292943
21.0,21.04263603628788
0.09,0.936185756762522
55.0,55.406777390394055
53.0,55.19274745552393
15.0,12.716534084280283
51.35,54.873381242313954
0.3,1.1981337164598236
57.51,60.14747363664204
29.95,28.911010402091733
0.15,1.0634544398670411
19.9,19.650105696901846
84.0,88.71131584499452
54.99,53.05412503766328
155.0,153.61930577115425
5.65,6.629767099292943
43.5,38.657435875123824
5.0,5.244110456004564
88.0,84.83405628024177
23.99,20.33279937372497
6.5,5.26862579276042
0.125,1.0887096019913254
38.5,44.74404711114148
129.0,117.16441758035482
2.5,3.48702859342846
25.9,25.197507239577227
54.98,58.676579503205154
22.9,20.61877398181857
50.21,53.3500087507369
76.0,76.38416510767773
0.35,1.0161521473467467
23.99,23.183107017295836
42.0,43.46262284040761
117.99,115.96348897066042
500.0,664.6896802796693
0.52,1.0570667406513614
29.99,27.23348103225152
73.37,74.12943622905226
0.3,1.0887096019913254
14.99,16.607294494657395
25.0,26.51067687948664
13.55,13.844900618326951
15.0,15.900132793633334
24.0,23.24485128571156
0.21,1.0887096019913254
23.35,23.183107017295836
21.0,20.62126677143624
1.999,2.5346979162160745
2.1375,1.7442240443686399
57.0,63.18183767613337
11.77,14.081165444032905
22.25,20.33279937372497
115.0,111.67299546565748
48.5,48.246010620469114
114.75,110.8174070077611
6.1,5.244110456004564
0.25,1.0339983735313851
315.0,288.6216393272733
79.39,75.3018692209946
64.95,68.57559975695489
77.69,78.05691604043555
129.5,126.01349223090222
23.999,23.206898050516884
0.275,1.0634544398670411
79.0,76.56991395851108
125.0,122.14683192165266
0.54,1.0339983735313851
99.0,84.33597313697405
23.29,25.385590769115552
127.0,126.13984175064671
0.15,0.8164614465138476
4.69,6.608330515842731
43.95,46.81970278979251
1.5,1.8127335655325234
74.9,72.50251440921653
70.9,71.77009140279826
105.0,111.85983289280371
4.1,6.532694307892509
120.0,117.43705946770736
23.0,22.538180373279534
14.79,15.027813728112495
89.99,80.27050947972656
29.99,27.08004304096738
1.31,1.3303862202045307
85.0,87.74958382313264
85.0,84.95911391261268
27.5,28.626586337430094
31.25,27.822057001055377
136.0,134.7973512490094
5.125,6.605251762537087
28.0,25.29836781909765
74.69,77.2588808043122
69.69,55.11608087187107
93.99,94.38184825349198
59.09,62.32146895621355
44.0,40.71745727609409
3.4,2.988867729842103
2.0,1.6908959465604196
74.8,72.5616078672874
16.99,16.426674667508745
0.6,2.0316845406331625
60.3,62.532907937273464
1.25,1.6547118819596378
67.0,69.27980124094628
24.0,26.572421147902364
69.69,63.59528477314286
30.0,22.64977064972325
61.0,61.04541806922431
21.75,22.019477246867524
24.99,21.679831197066886
0.25,1.1415826122929082
75.0,64.99224118810822
21.69,20.857738496494978
0.22,1.455095309380666
50.0,51.2933329032734
80.0,80.55284959004445
39.99,34.347705209014734
64.0,68.12538057086573
81.99,85.02214204052068
0.41,1.13100732594766
57.0,57.88834920031604
68.0,70.20929041953974
79.95,80.20907864076845
60.0,60.09937312150483
111.69,112.1636275686826
19.88,18.465617115614414
50.0,50.288806504366896
73.4,79.19396837488527
9.99,10.537208010873616
3.49,3.8175400631366934
59.6,60.37502387599631
40.99,33.38974051948165
0.4,1.0762960974877198
26.99,23.96524543385676
21.97,22.727128816173316
15.0,15.194165655233109
4.49,2.683165272757998
125.0,121.07932839643945
47.0,50.349703601203046
68.98,69.22782053371978
70.0,68.71465886332938
22.0,20.333860704416924
52.11,56.288571894628774
24.99,23.842604068604878
125.0,121.57695286131832
81.5,74.06231470989734
55.75,54.73414426988502
66.29,68.93793934967499
66.5,70.20929041953974
36.5,37.73410829366034
49.99,60.02458101287772
22.0,20.329823492256065
30.0,26.957401675715495
0.3,1.7758684000419385
67.0,68.4386162389279
54.0,51.658648338012384
1.2,1.2083425193561124
59.99,60.29132612496535
80.0,80.34084818954364
85.0,81.96984438441152
22.99,23.26779514735304
100.42,94.36664516846874
47.51,51.34880983817545
0.14,1.0887096019913254
30.0,31.52510470415937
0.44,0.8751911853564361
56.0,57.1888987261823
125.0,126.07438932773837
22.5,23.002057647599283
56.9,54.10715519066006
0.53,1.099364464607696
25.75,31.633450253470187
57.0,53.26492348347619
27.0,25.19252383647263
59.0,57.98729270092212
25.0,21.679831197066886
150.0,144.28186737819468
65.0,64.71687613964744
15.75,18.291614483027658
200.0,221.73696112002443
96.69,98.79757986149188
14.0,14.33715761643462
0.55,1.1398304731856905
85.0,87.77495550067289
0.355,1.0510409353634356
4.0,6.605251762537087
39.0,40.103849318643725
48.88,46.829238158712975
55.0,48.71234271980114
0.235,1.0634544398670411
66.0,68.2964023245206
4.45,6.532694307892509
0.25,1.0339983735313851
6.96969,5.3109235167167546
100.0,82.16660926337566
26.5,26.48820229834371
1.2,1.7442240443686399
60.29,62.32146895621355
125.0,121.69959422657021
59.0,64.65311251923514
17.0,19.59036389817556
66.67,67.11503786196486
0.29,1.0887096019913254
53.01,54.873381242313954
108.0,105.1804456559553
0.25,1.1668833661708018
21.0,20.28581171498984
14.25,16.42357841563657
22.0,21.388929462147495
80.0,73.92451549316026
20.99,22.330718185986523
4.99,5.244110456004564
65.0,68.46178294480265
50.0,56.47609967888116
29.0,29.96722162658446
240.0,251.84524772217924
5.49,5.286408179960898
4.99,6.463243728939755
56.2,57.75177989341527
4.0,6.605251762537087
81.95,75.44328227499807
75.0,68.89921819738737
62.0,62.76170875819463
29.99,28.480619029114756
9.6,8.80143093449831
168.0,154.91886922068826
0.25,1.0762960974877198
65.6,67.66025227401067
199.99,177.71946396422953
3.0,3.031165453798438
59.9,65.77214797959446
23.0,22.853748806485008
0.084,1.0634544398670411
68.99,69.71758868885384
65.61,64.06994461111547
149.99,129.25381276254373
47.25,51.787799058589634
30.0,29.17850532935972
40.0,42.56007454921322
68.99,72.77254881260087
23.0,20.455440738976854
50.0,51.25879658229285
49.23,53.26121113492887
93.0,94.95765616180093
72.0,77.89864922687269
6.0,5.234605418793246
83.95,80.53277487608284
108.0,95.16910304002208
0.49,0.7781822329401612
70.0,63.22002866539452
53.01,54.66194226125404
27.5,23.737585775472642
1.3,1.3726839441608654
0.09,1.1057521638233758
54.0,56.47609967888116
90.0,83.59245441399304
62.99,60.376274457563206
48.75,50.288806504366896
102.0,107.10923658631941
10.0,13.79834152142291
26.49,21.618934100230728
70.0,67.55527766394596
15.15,15.93316000346135
0.57,0.9161057786610509
69.99,59.86584017312792
61.0,66.7212836339728
67.0,68.4386162389279
0.95,1.38870805455872
52.8,54.66194226125404
129.0,121.70414955264239
68.0,68.4386162389279
40.0,34.54602592191006
60.0,54.10715519066006
64.0,71.87285428330044
69.95,75.8185851985581
33.0,36.701551724584846
24.88,21.679831197066886
59.82,62.532907937273464
51.4,53.6929591194956
49.35,51.66515769333775
19.0,17.842231449511274
98.0,83.11195028966925
59.95,63.62385898051446
125.0,107.75590230478352
43.0,41.187365373527825
16.9,16.243136205420704
23.49,23.183107017295836
5.0,3.012776914432603
63.0,64.17947271845439
0.26,0.8925044840107038
16.5,17.01425740799043
15.0,15.602329484251104
8.5,6.960278569001177
0.4,1.0087432114071009
24.0,23.80823883477732
24.0,24.643989805667744
5.73,5.2952313271989295
0.45,1.0887096019913254
18.5,17.8862432267775
0.64,1.0887096019913254
60.25,60.376278634971285
22.0,20.33279937372497
35.0,29.64756625521387
6.0,6.6950662185534116
53.2,55.041703309230904
62.0,66.57252611895468
0.6,1.0904052246452474
20.75,22.592968215451865
77.77,75.4245105862465
63.88,60.80093932272033
64.0,65.46169369234855
30.0,27.440384803082733
64.0,67.23154820300108
99.0,97.65241570999088
84.95,80.3740359039461
16.0,18.486533526782726
1.0,1.1529230862217825
59.95,65.58860951750641
92.0,93.840994861598
159.0,153.2181593155312
17.0,16.22479986137892
29.0,27.417019494339563
111.0,114.60143746766815
0.25,1.0634544398670411
0.062,1.13100732594766
70.0,83.94171013013907
1.18,1.5862023607957543
0.8,1.6868774361777716
5.95,5.244110456004564
47.5,43.42815659894793
17.0,17.944667595516833
139.75,131.04828562835505
16.0,16.567477304672543
70.0,70.20929041953974
0.29,1.0584498713030814
1.35,1.3726839441608654
1.1,1.7687393811244954
27.0,29.189631434464772
50.86,53.26121113492887
99.99,101.50966416047049
28.49,27.521928368441944
19.75,19.34107764916605
23.99,21.679831197066886
50.0,48.74984041181352
6.0,5.252933603242595
82.0,78.78653509059076
112.0,111.87514780165705
124.99,119.70489000532858
1.99,2.5346979162160745
28.88,27.124606714551657
24.0,22.881415551642288
14.6,15.063088218581711
93.95,101.05503147775971
0.25,1.13100732594766
3.5,3.8598377870930283
17.88,19.593008005720247
23.45,20.309473430661516
69.5,68.85972568228621
10.0,9.990765197825995
67.0,66.06644775757817
73.95,73.66985890052014
13.95,12.040201625078698
0.42,1.13100732594766
0.09,1.0634544398670411
17.99,11.42161764200415
80.0,75.77908221372358
17.99,18.39844757596737
1.1,1.628500084752089
45.0,48.246010620469114
52.5,48.79694522332045
8.4,8.787879258688957
0.15,1.0634544398670411
0.45,2.3676363696716147
81.0,87.44540352018505
73.0,72.41248836054721
65.0,59.40928339380066
89.99,80.63386614150406
18.2,18.90964015516314
54.0,63.31799297843262
53.0,52.17730020351249
18.0,16.722253417801113
22.97,25.28068189501317
75.0,76.16627501422924
5.17,6.6950662185534116
97.95,94.55018363055679
10.0,10.537208010873616
0.2,0.9714327127080368
0.09,0.9784834807188567
1.49,1.6840047824677424
0.33,0.984433974246857
74.7,73.0924130615573
89.99,84.83405628024177
1.09,1.5862023607957543
2.981,3.031165453798438
72.95,73.52323930381858
60.0,62.735452268652864
58.8,62.532907937273464
50.1,53.138569769676984
24.5,23.737585775472642
66.66,71.83733492168521
100.0,98.61128833148864
50.32,51.34880983817545
1.5,4.406910175570865
7.0,7.011399440195542
2.0,2.0004819572138866
160.0,155.17262101122674
0.1,1.0087432114071009
0.4,1.0634544398670411
23.7,22.80488952355161
78.0,75.3018692209946
0.13,0.9908969852224624
15.0,15.419243166490551
72.0,74.71269659134363
78.0,86.00875749563
64.25,62.76170875819463
57.04,57.1888987261823
0.45,1.0161521473467467
22.0,22.758774186390404
0.38,1.0161521473467467
0.5,0.7781822329401612
0.4,1.13100732594766
64.9,62.550269777134716
65.0,63.47138011539399
65.0,60.311806478027314
69.0,68.84293421271845
73.99,72.77304684834732
86.0,87.41416114243373
56.62,57.1888987261823
99.99,92.77536097990925
0.55,0.7781822329401612
0.49,0.9614409188868064
0.25,1.059864082601466
65.28,66.35346803802591
69.5,66.0670889251081
1.69,2.5769956401724095
0.25,1.0762960974877198
74.78,72.5616078672874
0.48,1.13100732594766
59.89,65.64950661434257
0.63,1.099364464607696
26.0,23.30574838254772
20.98,19.68993412252166
48.0,51.13996503068728
300.0,308.3225406048968
49.99,47.21316408718684
60.0,62.04792790224318
7.45,8.090640561053316
72.99,77.22433771160702
50.52,54.78458362650593
96.0,75.91439256124312
39.0,40.103849318643725
4.25,6.463243728939755
1.175,2.287882728154303
67.0,70.7458393128479
95.0,91.72805914676573
33.0,37.00223220247354
74.77,72.5616078672874
0.25,1.0887096019913254
74.78,72.9697716963054
30.0,29.155363679175952
1.99,2.5592132529719303
1.8,1.4474933104728016
66.68,60.311806478027314
3.05,3.031165453798438
28.5,27.417019494339563
0.15,1.13100732594766
0.25,1.0762960974877198
14.75,15.2604506670668
57.0,55.55269088996234
25.0,21.618934100230728
22.75,21.90738143642115
125.0,108.51041361352985
83.95,79.24514603432237
94.5,94.4275422653049
0.99,1.464158659947336
92.0,73.80820738284754
0.5,1.099364464607696
5.0,6.605251762537087
9.3,8.906339808600691
22.0,23.32476869114726
84.4,83.29358794418417
9.9e-17,-2.6386483954986364
26.99,23.469081625389435
19.5,19.29138840869614
18.88,19.24574127353841
110.0,106.10553645231552
1.0,1.4766709945529861
89.94,85.45099771826384
1.75,1.530705627733751
52.45,60.76030198305583
6.0,6.993082320609523
19.5,21.135359561376788
89.69,91.91159760885378
5.0,3.3254820422675504
8.88,8.23829673954837
1.35,1.5129232405332718
99.9,105.17082727123011
45.0,45.08032375191047
67.99,65.62620795559708
127.0,127.09927654442195
60.12,62.85227415048342
3.45,2.997690877080134
72.0,70.87962823731995
8.88,14.052738731928699
15.98,14.242125140717118
120.0,117.43705946770736
60.17,62.532907937273464
90.0,88.92387529304078
22.0,28.931043718234044
0.05,0.7952247947722116
0.92482,1.004068718655317
85.0,81.97355655972915
7.5,7.996280105099868
26.0,30.98156791262017
19.5,19.35387492464632
36.99,37.12487356772543
59.69,67.2243935768765
90.0,85.69430089686573
0.42,1.0694049333950413
87.0,89.09055287798836
1.07,1.250640243312447
0.4,0.7781822329401612
5.99,5.381309976473498
70.0,74.6141137371354
1.2,1.7442240443686399
25.65,33.696529402699255
73.0,74.57518753490112
49.99,52.409682840533755
86.0,84.67079445629346
52.949,57.98729270092212
0.06,0.8076382992758171
84.95,81.96984438441152
15.0,12.29876545584989
0.85,1.0708817793675072
134.99,134.68720252995712
0.52,0.8738080547047162
78.0,78.68127621054511
1.75,2.5769956401724095
34.0,31.002759946813892
105.0,104.04274827216108
72.5,77.83690495845696
69.95,75.09029839868765
60.0,67.29225922156718
0.15,1.0441497712707568
0.5,0.8293031041345263
0.5,1.0146937049351008
99.0,92.46939837406886
57.01,61.9778914177067
80.0,78.20038288439056
310.0,262.22834658013795
23.0,26.51067687948664
23.0,22.70380287310986
29.49,34.236065861197346
140.0,138.53546163204965
75.5,65.10813440942684
37.0,29.66935778543161
43.0,40.71745727609409
19.84,20.125934968573475
70.5,72.3236907447392
0.05,0.8164614465138476
71.97,74.57518753490112
3.4,4.91359898629633
65.0,59.85790689855527
64.0,67.23767922721676
5.7,5.26862579276042
68.0,65.96028830190889
17.99,23.535204345726243
24.99,21.679831197066886
0.235,1.0634544398670411
0.6,0.9348022079670385
0.25,1.0339983735313851
0.5,1.0570667406513614
75.0,73.06585142976327
70.5,66.03840550305853
18.0,19.24574127353841
0.3,1.13100732594766
0.6,1.2365639850766286
22.5,19.84894267175511
97.0,87.51023968533582
70.0,67.5497573293704
24.0,21.023544467433517
0.95,1.777562528362526
138.0,119.61922032520185
0.89,1.0570667406513614
0.35,0.8328934614001015
99.9,98.74842169711862
119.99,119.95044469311141
22.0,23.145153782101158
20.0,30.345515353637587
6.66,8.255579650261534
0.25,1.13100732594766
0.1,1.0634544398670411
64.17,67.11503786196486
92.0,93.69546574339279
1.3,1.3726839441608654
0.85,1.2938840482120928
115.0,115.27919952285207
25.6,27.124606714551657
16.5,17.01425740799043
110.0,111.28500972922275
1.1,1.5862023607957543
17.6,18.51570102622172
37.0,37.73410829366034
0.15,0.788333630679533
37.0,34.89992387835969
0.4,1.0887096019913254
77.0,74.55134780637158
30.0,29.21626077601211
34.99,31.740149770093872
65.0,66.74816912077235
21.95,20.972917973019257
60.24,60.376278634971285
100.0,91.2522158748043
0.25,1.1415826122929082
24.9,31.91439270066779
2.9,2.988867729842103
10.0,9.699759682224611
57.95,62.81264171667364
33.99,29.924057020897806
77.0,71.46560174844862
120.0,100.58281856064532
68.0,67.45648434660377
19.5,18.951105650357647
15.48,14.880134043839819
80.0,80.42661542041355
90.0,87.92659142736579
70.0,73.45659585264187
72.0,68.77657683213548
0.25,1.0887096019913254
55.0,54.67324717304887
63.63,65.68419632337121
74.78,72.9697716963054
67.99,70.12049280373172
18.18,18.577236644285513
22.99,23.5083071532353
55.0,52.30455055169119
35.0,37.06397647088928
0.75,0.8328934614001015
0.1,0.936185756762522
20.0,20.33279937372497
74.99,77.83690495845696
0.3,1.0975327492293558
7.0,5.252933603242595
5.0,5.244110456004564
50.05,61.89827915167414
64.9,68.7922722116179
1.6,-1.396362875248917
167.0,176.11611808489354
115.0,120.83169222106514
104.95,108.52135295928814
170.0,165.59314948964183
24.5,25.06168440827952
65.0,58.473328840889124
5.33,6.6950662185534116
100.0,98.30390050979942
58.81,57.41769954710347
16.0,16.30403330225686
155.0,141.7208917069142
49.0,42.245968564741325
25.4,27.892370602853962
74.99,72.5616078672874
53.99,56.50001087568869
53.5,54.97995904081517
83.95,79.8955559542465
110.0,111.03086799369798
60.0,62.67370800023713
68.0,68.92062277912237
16.0,16.372558260917476
0.5,0.8925044840107038
15.0,15.609794911539515
2.5,1.5217463877713024
12.0,14.92268558109615
34.87,39.780984228054514
125.0,132.17775170621223
0.35,0.8328934614001015
5.88,8.433113302949364
15.49,17.136898773242315
103.95,100.4017554400537
0.12,1.0722775871050716
5.1,6.652768494597077
23.96,18.7976504090451
30.0,26.739899370910873
49.5,44.08055593056949
140.0,149.27685062968254
21.98,22.763685809419318
21.75,22.99918647378582
33.0,36.56531352038359
45.0,46.85508025632911
15.66,16.49519962616936
71.0,75.10368735319892
120.0,86.10127203675678
74.94,73.13336398974123
70.0,72.46535105800346
25.0,23.793950772735087
95.95,98.61000426757356
99.0,81.22406508275449
62.12,61.75835669722814
18.5,19.123099908286527
85.0,81.81168492898841
0.49,0.8751911853564361
90.0,87.41416114243373
0.46,0.8328934614001015
56.98,57.400337707242215
57.5,62.580366449473615
61.5,67.08188803982489
65.32,68.27973650079278
63.99,67.08188803982489
69.0,68.93042291240342
97.99,102.11562544306639
71.99,70.9783664185522
74.88,77.89864922687269
62.5,67.33771183607843
70.0,72.17340327749142
27.0,24.999372391975935
35.0,36.94133510563739
13.5,19.397591095403754
63.58,65.56155495811932
100.0,98.42654187505131
0.25,1.13100732594766
100.0,100.72159639920454
21.8,22.99918647378582
34.95,37.00223220247354
0.54,1.099364464607696
35.0,35.99519249133102
105.95,106.05212244793198
21.0,20.28581171498984
15.29,16.167762275045344
130.0,126.29670931869623
0.19,1.13100732594766
0.82,1.0285840554111725
9.55,8.80143093449831
75.0,70.81467909433223
0.15,1.0634544398670411
54.0,60.91367787875628
0.32,1.0634544398670411
1.1,1.7687393811244954
53.4399,53.138569769676984
0.77,0.8738080547047162
22.5,23.229046933712826
15.99,16.372558260917476
190.0,195.25218226557993
101.0,92.91693428666404
99.0,85.82298514297963
20.0,18.93691132587841
29.5,27.699415635803494
2.85,3.031165453798438
67.0,59.95723485055023
68.87,68.84293421271845
16.24,16.6283744015087
0.6,1.0339983735313851
17.0,17.44985979683726
69.0,72.50251440921653
4.97,6.487759065695611
0.33,1.0161521473467467
57.0,57.1888987261823
24.49,22.99918647378582
57.72,57.400337707242215
0.158612668,1.0510409353634356
18.0,17.55052966221027
1.0,1.5064563839036706
275.0,287.8532960537055
89.0,88.71131584499452
70.0,70.9185084643375
0.3,1.13100732594766
480.0,430.86948555030614
83.5,79.41586298535292
22.0,20.455440738976854
57.03,57.29380760028469
0.11,0.9908969852224624
27.0,23.860227140724525
100.0,100.99413438092355
42.0,36.02653882433889
84.99,81.96984438441152
74.95,78.40728948257672
66.5,69.92421629338367
6.0,6.647549486493421
46.0,48.468330611426985
25.45,23.737585775472642
20.0,20.502292918168372
0.1,0.752927070815877
11.0,12.558537927813594
1.55,2.0044898608646795
0.1,0.9908969852224624
63.69,58.109934066174006
21.5,20.698151777662293
97.95,99.92142962825928
69.0,68.18788673419897
0.08,1.0634544398670411
73.0,80.49546384772026
0.77,0.8328934614001015
86.95,80.30397405516166
86.69,80.30397405516166
22.0,20.595448038755116
30.0,28.480619029114756
5.0,5.244110456004564
48.0,49.5632702758269
155.0,155.60352002160857
215.0,196.91581419441033
0.255,1.0339983735313851
13.99,10.262082821128093
2.0,1.6055697137323688
2.75,3.0556807905542938
155.0,153.5575615027385
2.999,3.031165453798438
81.0,77.2588808043122
46.0,52.139240457055415
34.99,30.657004435654414
100.0,94.36664516846874
108.95,109.45420038494852
28.99,27.356122397503405
45.0,47.10567739788611
59.18,62.532907937273464
64.95,66.35346803802591
222.2,198.2604967781936
24.4,26.656644187801977
52.0,58.558269642201914
56.95,62.72384410086561
21.0,21.835938784779483
21.97,20.33279937372497
24.95,23.676688678636484
57.58,57.1888987261823
109.0,109.29522948601455
84.98,87.72879289267794
76.0,76.32902738207687
49.39,51.56024881923536
3.2,4.889083649540474
0.75,1.628500084752089
64.0,70.20929041953974
6.5,5.244110456004564
70.0,73.67373355567338
4.89,6.487759065695611
1.0,1.7442240443686399
19.99,19.565035485422666
16.5,16.372558260917476
52.3,51.25879658229285
18.97,19.565035485422666
1.35,1.3303862202045307
57.78,54.73414426988502
79.99,77.2588808043122
0.1,1.0331947091787972
888.8,1040.0926272971485
103.0,96.09981251028479
8.88,8.867715946332002
1.3,1.4731707725512815
14.5,11.037498179496861
285.0,271.5161469745903
69.99,69.01584373634404
4.0,4.5278464946536445
34.25,37.00223220247354
65.0,70.33193178479164
68.5,67.46648004813794
57.1,57.1888987261823
1.1,1.81103710508083
66.0,68.88367247695923
18.9,20.558938215674367
45.11,48.52019303366589
12.8,13.967541983578835
94.0,87.1347544793586
49.55,53.588788955766134
23.5,20.186832065409632
59.99,49.70982976176972
56.99,57.1888987261823
14.9,15.335294260890654
29.5,26.91959849237565
0.0510005,0.7336224022195929
0.55,0.8738080547047162
3.2,4.889083649540474
29.0,27.845382944118832
21.75,29.250032824524908
91.0,88.98561956145652
60.0,66.05001820716976
22.95,21.720773368985935
0.1,0.9908969852224624
0.25,1.0887096019913254
23.99,23.215300496708224
96.9,99.96249634357821
96.0,100.42724955361278
60.1,62.32146895621355
87.0,85.1806535766783
0.08,0.752927070815877
66.95,68.09367359567163
34.99,29.22503549968418
21.9,23.060930742201545
63.56,65.77299393917923
23.0,23.32476869114726
0.39,1.0887096019913254
27.99,29.111608312952946
28.0,26.365560933091828
0.25,1.13100732594766
5.87,6.652768494597077
4.78,6.463243728939755
0.61,0.8983233914605717
104.95,107.69071305624747
79.99,81.25345351811848
3.5,6.533885532088971
0.85,1.2541404653141521
20.0,21.916035197789515
125.0,111.4331480549442
5.2,6.6950662185534116
52.5,54.97829011641634
2.1,2.783999505679809
67.48,74.12943622905226
2.5,3.5440124766026777
42.5,39.895577271721784
64.63,68.37855827465879
95.0,94.55018363055679
28.49,34.592495736926175
26.5,27.209676926030838
0.45,1.0339983735313851
14.0,13.849758196772981
24.69,29.734428532810618
0.79,0.8738080547047162
24.99,26.51067687948664
0.15,1.1668377744171925
30.0,26.788133979885732
23.69,20.59171176618837
86.0,84.38074318967412
59.99,53.721579161310956
59.69,53.90255756147113
35.0,37.00223220247354
39.99,41.248262470363976
120.0,120.70905085581325
0.05,1.0510409353634356
0.45,0.8204799568964959
45.0,47.487312218325094
22.0,22.99918647378582
3.42,3.8175400631366934
0.1,1.0634544398670411
0.3,1.0339983735313851
0.12,1.1057521638233758
56.8,53.77991619621924
69.95,69.97736690445639
0.25,1.13100732594766
38.0,45.785268298050504
29.99,26.679002274074715
10.5,10.61663224640442
42.0,37.03381616508243
36.0,31.209344575823994
58.7,61.30075087797773
0.1,0.936185756762522
20.5,19.872268614818566
0.25,1.251044303165147
160.0,140.49242531579534
69.0,59.95723485055023
17.0,17.44985979683726
0.25,1.0887096019913254
73.0,68.77657683213548
16.0,29.500578782358673
24.21,20.139844406674502
80.0,75.3018692209946
19.0,19.350650147640792
25.0,26.554688656752862
15.0,13.986029223984497
69.48,69.65820703740947
79.0,72.14919608159579
19.0,20.333860704416924
87.94,77.95651457497264
72.0,72.53512972579911
30.5,26.862540736162757
0.53,0.8738080547047162
57.0,57.99611584816015
25.0,23.737585775472642
0.25,1.0146937049351008
61.73,63.824451155271
77.77,72.44058670336858
23.0,20.437708247827352
46.9,51.34880983817545
74.0,75.18857771805358
22.0,20.28581171498984
134.0,124.52241656755429
72.99,73.55109219042149
0.4,1.0762960974877198
1.34,1.3726839441608654
48.7689,53.80022793682605
17.0,18.98682888107501
25.0,23.183107017295836
80.0,68.352642115007
15.33,15.027813728112495
22.99,19.442394120170782
69.0,73.55109219042149
24.9,24.571760066462133
19.98,20.455440738976854
24.49,20.87723422995448
2.9,3.013383066597959
73.0,79.96802788971038
1.43,1.4884079037774163
71.3,71.08498852610201
1.75,1.5552209644896064
5.0,2.8457357729639576
54.55,55.102600406067054
1.1,1.2751555800683025
0.18,1.0634544398670411
40.0,42.783352074471395
55.0,44.22882886309357
54.55,57.400337707242215
0.3055556,1.0887096019913254
21.0,21.93936114085297
47.5,51.25879658229285
14.8,15.002775409091702
59.09,62.32146895621355
59.56,59.93603465558213
15.0,15.071524289981225
0.49,1.0339983735313851
23.5,25.464220357101212
70.0,72.58799242325536
450.0,411.41377117393665
55.0,57.05502739525545
77.95,72.59119894622094
30.0,32.266595300418714
17.75,19.07374701560953
25.75,20.20158867509023
116.0,118.96696781591544
69.95,67.55527766394596
4.4,4.48554877069731
369.69,394.75807573034393
59.0,63.60606370462704
16.73,16.22479986137892
45.0,41.64384337826433
99.9,110.13822193253411
22.0,20.795994228079252
7.69,8.156925572887008
23.97,23.737585775472642
20.15,19.097072958672985
2.95,2.988867729842103
0.6,1.0570667406513614
64.95,67.10890683774919
42.0,12.219538890634096
29.49,28.88878285813275
0.18,1.0634544398670411
4.5,6.566032791886396
13.0,12.666259887559166
87.0,87.89607383430778
112.5,109.37614361385916
40.0,42.96540410740517
0.53,0.8738080547047162
1.0,1.5064563839036706
0.41,1.0762960974877198
67.31,66.06644775757817
0.85,1.004068718655317
0.6,1.081582077407217
59.0,63.856134247714486
64.0,67.05536398028461
77.0,71.58248496762786
14.88,14.966916631276339
22.0,19.085266251079098
8.0,4.6995089595862245
0.2,2.006429378508878
56.8,57.31154009143419
63.99,64.98894553192106
38.0,40.840098641345975
22.22,21.72384297433311
0.09,1.0087432114071009
59.9,67.84169101098232
1.0,1.3675997993257836
114.9,109.32797693184212
25.0,25.232084313341055
45.0,45.27554683263709
20.0,20.456502069668808
177.0,160.7702172602459
123.0,129.6870024988101
34.88,41.844063377283575
1.3,1.3726839441608654
0.13,0.8040479420102421
107.5,107.68571802662446
0.23,1.0339983735313851
42.5,43.42715385970396
69.0,71.37517985639883
38.99,42.3967413063715
18.99,19.07651487836609
14.75,14.715369342072385
236.9,189.25469073783663
2.9,2.988867729842103
92.0,93.78295997287037
23.0,21.31660957987167
0.22,1.0634544398670411
15.4,15.071524289981225
115.0,119.43436515849491
0.2,1.0887096019913254
101.11,100.54989091886468
85.0,85.80431536184653
26.99,23.842494649575023
57.0,57.13013377535914
3.8,3.8175400631366934
60.0,57.04627031453531
66.5,68.77133409438756
135.0,135.74319832362247
70.0,64.96676864580174
69.68,69.07129599433607
0.1,1.1057521638233758
69.0,74.69766957788516
25.0,33.010996337317685
175.0,179.8350108974443
9.99,20.704716193973333
210.0,197.17027478173065
0.06,0.8587591704701822
31.99,37.10714107657593
21.45,20.455440738976854
4.0,4.5278464946536445
57.48,57.1888987261823
1.15,1.2083425193561124
5.1,6.532694307892509
62.69,58.109934066174006
36.99,40.160705398426664
35.0,33.74233182248681
88.88,92.85415018830156
0.14,1.1057521638233758
22.5,22.032335344542336
36.5,41.25302880059531
69.0,63.928104506257604
0.5,1.0694049333950413
64.75,65.2623607118
29.49,26.896504578879338
50.19,56.150842479807395
44.9,47.537121044708115
85.0,82.72276667215345
0.5,0.9110216338259687
74.0,76.72949877919896
62.65,65.77299393917923
17.41,18.93984122233988
5.5,5.408245798933003
104.24,100.54989091886468
55.0,59.23796008642525
6.0,4.518887254691197
66.69,68.43945537149494
49.9,46.770813789973644
28.99,26.957401675715495
57.0,57.1888987261823
82.95,87.54644402465881
36.99,38.99753213661254
39.0,40.71745727609409
59.777,60.81735137942619
67.25,66.06644775757817
32.0,24.59190714070023
90.0,85.7813504934218
66.0,68.77211517823083
97.99,106.06383662609927
63.95,70.75711557426193
148.14,149.68881991263
42.0,47.73500751840065
0.35,1.0510409353634356
70.0,73.25901576489295
70.0,68.29863081541137
21.0,21.776239427809717
43.0,43.84543703195174
16.0,16.953360311154274
102.95,94.95765616180093
56.0,58.341864328399204
69.0,62.42915087685012
7.0,6.993617052995064
0.7,0.9863978717553291
47.47,48.52875428709595
19.79,19.036175861836828
84.99,88.53308541347035
0.25,1.2592931750691037
1.4,1.7442240443686399
104.2,98.74842169711862
79.5,77.79452443134466
3.24,4.931381373496809
1.5,1.497231051015447
1.0,1.4886739967031914
8.12,8.101638559638586
88.0,79.76085583164355
64.5,71.16374087533892
0.2,0.9626095654700063
49.9,51.290891586532254
50.5,51.87887764626387
23.0,19.527464331649963
64.99,67.44344273493458
3.0,2.988867729842103
59.0,61.07313253087429
23.0,23.324042675301367
111.0,108.58232405758525
60.0,57.78239325191152
130.0,122.46708427040141
172.5,159.08041592792975
70.0,69.58521832750495
150.0,150.1508634650892
27.99,23.737585775472642
1.1,1.2751555800683025
230.0,199.15661371874685
1.0,1.7687393811244954
90.0,87.56571005021614
24.0,26.44977978265048
87.95,77.86771695916462
62.25,66.93034807903773
2.0,1.4884079037774163
69.99,66.6923980289425
6.0,5.27690314274958
64.0,60.311806478027314
95.0,94.48350677546566
53.11,55.100931481668226
1.1,1.2328578561119679
19.5,19.62697563287251
63.63,64.17947271845439
71.17,74.25334434340236
24.69,24.987459526087378
65.24,65.04209858350207
125.0,120.93235803754554
120.0,119.95883188753321
22.0,28.869299449818314
120.0,109.64613375278186
24.5,23.183107017295836
77.0,76.34392793782855
17.0,17.42881959858467
75.5,68.71465886332938
16.0,15.089557996528223
80.0,76.2376571060446
2.9,3.031165453798438
130.0,129.96262053708415
0.25,1.0975327492293558
79.5,76.57748050834819
22.97,28.23424108371121
86.69,91.78895624360189
68.0,73.66803483370178
69.69,74.99219198060837
1.5,1.1127166975915574
1.0,1.187327404601962
70.0,65.97872819603985
0.435,0.7781822329401612
59.81,62.532907937273464
77.9,77.64892288583209
50.95,51.229994489696104
0.08,0.936185756762522
87.0,82.42869785020531
63.0,66.05001820716976
85.0,75.3018692209946
30.5,31.52510470415937
0.235,1.0634544398670411
0.42,0.8328934614001015
35.88,41.3756701658472
95.0,93.0441232519301
57.94,54.33908545288526
27.2,22.97639017173689
109.99,83.71464363491744
24.5,23.30574838254772
15.0,15.089557996528223
62.24,61.75835669722814
124.89,120.43307071269261
70.0,69.08690791105053
200.0,212.03964494306808
14.95,12.604515619143438
59.75,60.14747363664204
74.77,72.77304684834732
24.24,31.91439270066779
79.5,75.3018692209946
27.0,23.737585775472642
93.0,93.840994861598
12.0,12.300735955353636
23.99,23.74362441902467
80.0,85.74769699223796
64.0,66.93272261503272
22.0,20.773875963405462
72.95,68.77657683213548
125.0,126.35760641553239
68.88,73.8955575313886
46.5,53.588788955766134
133.0,132.92540257235828
69.69,74.6141137371354
34.99,31.740149770093872
35.0,37.00223220247354
92.369,92.74750848587479
22.0,20.24857633382536
75.0,73.79067619895368
8.0,9.202704233357737
130.0,129.19291566570757
108.8,106.33639644065087
71.99,74.38836337812462
61.6,63.73565353946297
0.3,0.9095470458427543
21.99,22.514256648074564
150.0,148.83254177173956
109.0,96.50991081730028
53.11,54.66194226125404
65.0,66.89746785668927
89.0,87.73230834212768
80.0,78.48519663057958
96.0,95.30219674144028
69.96,68.77657683213548
50.0,45.79882560538052
72.0,73.54228663759599
49.0,51.36943870592682
0.2,1.13100732594766
50.0,53.97787395864981
39.99,35.18471054587963
25.0,23.90423891799075
6.0,7.035380044565858
53.0,55.35578027647214
39.98,39.83223551069158
6.0,7.406887507853438
88.88,77.95651457497264
130.0,129.1381590950271
57.4,58.46450569365109
124.99,120.5557120779445
73.94,72.5616078672874
92.99,94.4275422653049
2.22,1.6716665897240612
0.51,1.0887096019913254
23.99,21.157545918302468
88.0,90.73139884143751
21.0,21.709954415976025
89.99,89.54322623361368
68.25,69.99785143847983
66.0,72.89717487939009
0.5,0.7870053801781917
61.3,64.2609142200757
0.05,1.0175663586451313
0.4,1.0762960974877198
23.23,22.39161528282268
39.99,41.248262470363976
109.99,112.2277671700617
24.5,23.889591727340008
84.95,87.32276215493316
21.0,20.693824226080817
31.99,29.96722162658446
65.0,57.74990871003454
63.99,66.03840550305853
66.75,71.16374087533892
111.88,107.12143347745362
24.0,23.23319887960096
120.0,118.44679303080963
11.0,12.756940376139106
42.4,48.06247215838108
5.8,6.661591641835108
68.0,67.82732824639886
17.0,16.929105619282897
73.0,71.70488222787891
79.0,80.30397405516166
22.22,21.473246568056783
5.45,6.629767099292943
110.0,110.8174070077611
53.5,51.66382458290519
0.01,1.0175663586451313
0.5,1.1238798013635516
78.4,75.35257307857006
81.0,80.46348955479553
23.0,26.790804788523428
69.69,68.1240506611017
80.0,80.34084818954364
23.5,23.121827839037703
0.479,0.8751911853564361
21.97,22.39161528282268
60.99,58.28156648876436
85.0,73.58630118430004
340.0,353.1912592508325
120.0,119.35659240992962
65.0,75.65644084847169
8.0,6.457645976620459
20.99,22.330718185986523
135.99,124.51393177090416
70.0,61.350517295939405
34.99,29.774266659533993
23.49,26.44977978265048
14.49,14.169567686072536
1.52,1.4884079037774163
0.85,1.7687393811244954
90.0,91.67734410108712
119.99,119.95044469311141
16.66,17.44985979683726
63.0,68.56575325244876
114.8,116.65570126564837
26.0,28.4197219322786
66.95,70.30992954063346
29.5,28.60326039436664
81.5,73.92451549316026
57.61,57.400337707242215
1.0,1.0570667406513614
98.88,94.95765616180093
137.0,132.09435815068468
79.0,80.34084818954364
49.49,51.25879658229285
33.0,29.838754769200957
1.6,1.7687393811244954
1.5333,1.4884079037774163
84.98,84.67079445629346
108.99,110.29175670089037
9.1,8.867715946332002
22.75,23.95331506774731
8.25,8.980146161541589
79.0,80.30397405516166
1.49999,1.5395287749717816
35.0,29.670002924352772
0.325,1.0887096019913254
4.2,6.496582212933642
20.0,19.02436915424294
58.95,58.46450569365109
87.0,83.29299175558045
28.0,27.97395353389289
70.0,68.92062277912237
44.0,27.66066778243661
22.0,20.455440738976854
70.75,71.98737724839938
9.0,8.990357311583885
82.99,73.20885039151669
36.33,28.57330489676797
65.0,69.27634677739323
21.0,19.726301306503228
13.85,13.905797715163107
49.27,51.34880983817545
63.0,69.99785143847983
61.12,62.44411032146544
18.0,24.957649244621845
23.47,23.324042675301367
89.6,86.35630490896521
55.55,55.63337738240318
28.0,28.09412217104795
26.95,25.76412245057314
0.04,1.1962938407528485
0.52,1.0161521473467467
41.97,40.71745727609409
7.75,8.156925572887008
0.5,1.1668377744171925
16.6,16.953360311154274
33.5,39.311076130620776
69.69,70.96234716085011
33.0,31.887415735835596
52.99,55.19274745552393
15.75,15.100769924859692
77.69,75.92112227011526
82.0,87.78498070687687
79.0,80.42661542041355
60.0,55.009035160479044
100.0,96.0514830426098
55.96,57.1888987261823
21.0,19.534378640267025
20.47,19.17033646255828
8.0,4.674993622830368
28.0,27.831473506017804
16.0,17.10166202360205
27.0,28.705696540372198
0.15,1.9559557522337558
67.26,66.06644775757817
21.7,28.808402352982156
60.0,60.739195054304595
72.75,75.8936459598361
0.8,1.4402866284747717
22.5,19.58836142848612
1.99,1.7865217683249746
23.0,23.44668404055325
63.69,64.17947271845439
90.0,94.24685331464391
73.0,69.28956480213552
122.0,119.86314788672554
70.0,75.65714354384556
180.0,176.5903441973127
91.95,83.22863350898284
42.99,40.71745727609409
90.0,75.94506748656158
26.99,23.860227140724525
4.0,4.494371917935341
0.25,1.0887096019913254
0.35,1.0887096019913254
74.99,76.0142813860194
0.1,1.0175663586451313
48.23,53.588788955766134
17.48,18.024675298092834
147.99,150.49582482129895
101.0,104.36750977784196
54.95,53.98451382540817
81.99,78.64431093601016
84.98,83.0083713806849
30.97,28.626586337430094
134.0,129.8867076684965
57.1,57.400337707242215
14.75,13.849758196772981
149.96,150.21260773350494
8.0,6.960278569001177
107.0,104.36750977784196
98.99,94.55018363055679
74.99,75.15677546533935
74.0,77.95954632370885
47.75,51.25879658229285
77.75,77.52841622213775
61.3,66.60691164529793
45.98,45.93448102439
23.75,24.01421216458347
50.1,53.80022793682605
19.0,20.333860704416924
61.17,62.532907937273464
52.949,58.323400463257386
70.0,71.71215694802883
0.35,0.8204799568964959
95.0,94.4275422653049
92.0,97.3087467820418
55.0,55.614886662517826
135.0,120.94997108310703
23.0,20.69414791219393
64.2,66.87057776095885
29.95,26.957401675715495
0.275,1.13100732594766
35.0,22.226976799580168
65.6,67.10890683774919
55.0,55.08128967589732
0.44,1.0762960974877198
23.0,21.473246568056783
16.66,16.953360311154274
20.0,17.71959008425939
77.0,68.17783585112036
5.0,3.9697351719253464
29.99,26.30466383625567
9.5,10.47631091403746
45.0,40.43788522279087
19.99,20.345521062225345
103.88,110.88430095847147
115.0,119.80638619910074
53.0,54.873381242313954
96.99,98.39969531692623
62.99,64.04999948828863
59.77,60.14747363664204
70.0,72.37987304396464
0.5,1.0887096019913254
26.11,23.737585775472642
44.69,46.81970278979251
62.41,63.824451155271
62.14,64.27023805497039
64.0,58.323400463257386
88.0,82.95701940450633
26.0,21.74157546548261
23.0,21.193968214619787
170.0,164.28574897774905
29.9,26.788133979885732
52.2,53.456138355296105
24.95,23.889591727340008
0.5,0.841716608638132
96.0,86.09244888951876
89.99,89.69086877868939
59.95,65.58860951750641
2.9,3.031165453798438
71.0,72.06512132940917
59.1,62.32146895621355
71.99,71.00206360756269
18.9,19.534378640267025
22.25,20.33279937372497
0.07,0.788333630679533
85.0,78.89271519160502
92.0,93.34280976563491
67.49,67.15914889995891
67.3,66.06644775757817
22.4,19.58836142848612
75.0,72.31839748244418
81.5,78.96816269474965
140.0,136.52496054493434
49.5,51.78729640059065
18.5,20.33672579311519
0.5,0.8751911853564361
30.0,29.801415655645922
117.5,122.66365440124346
13.99,15.071524289981225
82.99,80.53277487608284
125.0,128.46043930774772
35.0,30.78669002369105
49.8,53.588788955766134
99.0,104.97796396271215
0.093,1.0887096019913254
52.99,54.873381242313954
56.4,61.76645243664679
52.04,54.66194226125404
59.0,63.41241999945455
98.0,98.57065358963514
27.68,23.860227140724525
16.0,8.248028483919501
14.25,14.046926320820653
35.0,35.708942548606245
11.0,13.226001301993257
67.31,65.97765014177016
78.44,78.42429953374342
31.0,6.6920489239063485
62.99,61.22089780799468
0.29,1.0887096019913254
0.099,1.0331947091787972
48.99,41.49199566175311
88.0,83.21414927671483
23.3,20.33279937372497
20.99,21.770851512812182
62.5,68.88367247695923
135.0,126.60744447210836
0.45,1.2528449449197636
128.0,124.29054545957588
99.5,97.29082926684644
4.33,6.5055414528960895
29.99,23.842494649575023
75.0,76.22572036707932
0.25,1.0762960974877198
78.9,81.93780844245448
114.49,115.40759520475748
120.0,119.90251938888699
150.0,152.45815902445165
1.55,1.9867074736642005
30.0,26.957401675715495
14.0,14.257853489213137
30.0,31.586848972575098
28.5,25.236623550681923
43.0,46.19549352851838
75.0,77.83690495845696
0.39,1.0087432114071009
49.5,54.02777817618032
21.0,28.869299449818314
50.0,53.37243498526459
53.01,54.66194226125404
0.09,0.7952247947722116
0.51,1.1942662611202939
65.0,70.39146702919473
56.5,58.11196148219747
0.76,1.081582077407217
103.9,89.47662755849433
75.0,63.230285549811505
40.0,39.77133841385543
74.99,77.95954632370885
35.0,31.331985941075878
5.99,7.929389299026935
52.8,54.66194226125404
79.001,74.27245261195448
57.0,54.611502904633134
21.0,20.27582869627903
0.35,1.0634544398670411
49.75,53.24347864377937
71.95,75.03237392969515
9.75,10.598952279289344
0.79,0.9494442626549369
18.88,20.272963607580767
199.99,203.69097967264423
0.1,1.0634544398670411
0.85,1.099364464607696
45.99,49.61405352367443
25.0,26.572421147902364
21.0,20.271902276888813
33.1,26.727236883049574
0.34,1.0161521473467467
0.2,1.0887096019913254
65.5,67.53761090875878
70.0,72.1570507627027
96.95,94.36664516846874
0.1,1.0087432114071009
2.5,1.5436699630249235
121.95,121.34573596877773
28.97,27.00141345298172
0.37,1.0339983735313851
1.35,1.3726839441608654
22.9999,22.853748806485008
68.0,73.80675991558059
130.0,126.96914538169243
0.49,1.2504700278310732
55.0,65.77601514838575
82.9,81.35160749297779
0.59,1.0887096019913254
3.27,2.988867729842103
66.0,69.61388158725809
79.99,68.69732332059218
18.0,15.161667021695848
14.5,14.661824684180205
0.25,1.13100732594766
49.35,50.61161330474872
63.8,57.98729270092212
90.0,93.2868169705778
22.0,20.333860704416924
1.38,1.7442240443686399
149.99,139.34506922758314
8.14,7.978997194386703
8.9,8.542131389336642
18.0,17.71362976774669
0.05,1.059864082601466
134.5,141.83752643210687
42.0,45.93448102439
145.0,130.68648445444765
83.5,84.6098973594573
73.17,76.13564603579599
0.1,0.9908969852224624
4.92,6.629767099292943
250.0,280.0722151334632
0.6,1.099364464607696
15.0,15.512678083148195
9.5,8.863175202914038
26.45,28.4197219322786
0.8,1.1642590374819857
5.0,5.286408179960898
155.0,132.84680010941563
95.0,87.01472274426499
0.75,1.099364464607696
0.33,1.0887096019913254
71.99,68.74480188732346
2.0,1.4884079037774163
65.95,65.04209858350207
67.95,74.69766957788516
1.38,1.5129232405332718
165.0,155.0460143668901
1.3,1.3971992809167209
134.99,136.11519907537766
85.0,50.16612147330186
6.5,8.13293828500965
90.0,88.92387529304078
64.98,64.05325197619217
0.25,0.9804557916546447
1.35,1.5552209644896064
69.0,63.463821684472364
72.99,75.8185851985581
0.5,1.9950558184565985
30.666,26.365560933091828
53.0,52.05822240481867
58.3,55.14000272293093
94.95,95.9520532993589
63.62,65.56155495811932
100.0,85.91903687783967
0.135,1.0634544398670411
13.25,11.03530113649104
23.0,21.193968214619787
109.99,109.78845768169569
53.11,54.873381242313954
120.0,110.940048373013
9.55,10.537208010873616
0.25,1.0428215207694156
20.0,20.271902276888813
0.85,1.0161521473467467
0.065,1.0634544398670411
89.0,89.04651665829267
35.0,46.43634239115826
8.0,8.555692653503376
5.0,3.5540954459905993
99.95,101.1776728430116
66.6,63.28533667589347
50.0,52.49973435745658
58.0,66.7432506439039
0.1,1.0331947091787972
20.0,21.00733028112737
0.25,1.0762960974877198
22.0,22.653865312288023
0.25,1.0887096019913254
1.5,2.0044898608646795
1.0,1.0904052246452474
1.2,1.7865217683249746
22.99,25.341578991849328
40.0,46.578237925430315
63.9,67.54915081713834
1.0,1.556083467528529
13.3,14.459798981686504
0.15,1.2275897827954794
66.14,67.53761090875878
74.8,72.5616078672874
65.69,68.43945537149494
67.0,63.80228855306886
24.0,26.51067687948664
110.0,110.75650991092495
93.0,94.4275422653049
0.387,1.0887096019913254
0.43,0.8751911853564361
87.0,88.24973391691144
84.0,84.81187878066581
103.0,101.21308905437917
49.27,51.56024881923536
49.95,60.311558360215294
28.0,32.677752661368466
8.7,10.59161743316125
75.0,68.8065461557392
11.75,15.194925299405625
5.95,7.929389299026935
56.0,56.18366302052639
8.5,8.535902365896002
36.0,35.122966277463895
67.0,68.50036050734364
0.9,1.0285840554111725
36.0,37.12487356772543
19.0,20.333860704416924
0.32,1.0584498713030814
0.73,0.9161057786610509
7.5,6.719581555309268
141.24,138.59720590046538
80.0,76.53233153552881
70.0,69.86964601846938
19.95,19.06220281145037
1.35,1.7687393811244954
24.95,26.572421147902364
1.0,1.081582077407217
115.0,119.9929738827626
57.17,57.5229790724941
50.0,46.4943600587384
49.0,52.21421189369047
6.5,8.433051288251493
80.0,70.03709263280295
2.3,1.7442240443686399
56.9,56.950118521153065
1.5,2.572810815892382
68.0,73.6470850790917
59.48,61.19577389612618
0.75,2.1838286101152535
0.45,0.8328934614001015
159.0,156.25696106444823
73.0,71.66461947201024
78.85,72.67117341479094
14.0,13.880901002275088
59.09,57.41769954710347
0.42,1.0887096019913254
0.9,1.7865217683249746
17.99,17.658972763564627
72.0,73.52323930381858
26.49,25.189261273205187
21.5,19.381497023334624
4.1,6.5995073686047
22.5,20.271902276888813
22.5,21.26628809689561
44.0,48.89271233519413
57.03,57.1888987261823
60.0,66.65951057571868
0.63,0.9161057786610509
49.39,51.66515769333775
0.2,1.0175663586451313
0.7,1.3891972379045507
77.0,77.93172118072259
69.5,73.46229457461347
23.48,22.99918647378582
19.0,27.64077199791075
23.0,23.385665787983417
7.9,7.873638739847984
80.0,76.53272505750633
49.51,51.273271471897786
99.94,104.2472671092945
2.75,3.0556807905542938
1.24,1.563117195775553
68.0,71.73927811435892
0.66,1.0339983735313851
3.0,2.988867729842103
18.47,18.93984122233988
77.77,84.44164028651028
0.16,0.9908969852224624
211.0,235.6356588936999
70.0,72.58376454946992
0.55,1.0887096019913254
67.95,59.95723485055023
15.0,15.027813728112495
60.0,66.83350846289275
65.0,66.33894503776631
49.51,51.06183249083787
12.0,6.993617052995064
1.3,1.7687393811244954
8.5,6.960278569001177
13.99,12.604515619143438
0.1,0.9611427096310449
95.0,96.61306752161178
20.0,21.89683588161564
1.0,1.3490826495105188
110.0,110.90836741083048
57.95,57.1888987261823
89.95,83.08498387685752
0.15,1.0122635808254101
70.0,72.323209152609
74.0,73.1373095542569
109.0,100.48814665044894
20.0,19.58836142848612
0.16,1.13100732594766
2.98,2.988867729842103
36.95,37.00223220247354
69.0,67.45715749501623
75.0,74.40288516965148
23.99,20.455440738976854
16.0,16.531583541611127
25.95,23.737585775472642
69.69,75.3018692209946
50.0,52.10642788561814
20.45,19.231233559394436
128.0,125.23208757106937
66.19,70.39146702919473
30.0,28.97190749892789
72.96,69.69787072911205
0.31,2.5382199427493934
25.0,21.80247256231877
59.99,62.72963278523153
0.1,1.1415826122929082
138.0,138.4745645352135
109.95,109.17258812076265
48.61,53.588788955766134
70.0,68.90336944896248
0.16,1.0339983735313851
54.99,53.98451382540817
46.25,48.13269236126719
72.5,65.29462509516345
39.0,33.38974051948165
60.0,57.540340912355354
89.95,78.07915594022454
0.29,1.0887096019913254
69.99,69.9707372838906
48.0,51.87887764626387
10.9,11.558178123851802
67.31,66.28972824392379
0.15,1.1057521638233758
52.5,48.320955303164055
65.0,70.20929041953974
0.4,1.1668377744171925
37.0,11.146136954342097
19.99,19.335930568519984
30.0,27.00141345298172
69.0,73.07435322994452
22.99,23.403762248562835
27.0,24.02356038356624
81.0,80.52288136351517
169.0,170.2974626589526
51.0,53.16013414833316
2.0,1.503418203321953
58.4,59.93603465558213
53.11,55.100931481668226
25.0,25.19252383647263
110.49,103.42989526739623
3.0,4.172819688189555
24.0,26.572421147902364
0.08,1.0634544398670411
30.0,26.365560933091828
17.5,16.953360311154274
71.95,73.9569506434674
14.666,13.849758196772981
19.0,19.274234948094325
23.99,20.28581171498984
0.99,1.1489915482325541
16.5,20.288919208226588
23.99,22.99918647378582
0.11,0.8076382992758171
44.88,40.71745727609409
0.1,0.936185756762522
0.26,1.13100732594766
0.4,1.0722775871050716
66.69,66.73643256746394
63.95,58.109934066174006
52.0,52.68873431930156
33.33,36.28363982752144
1.5,2.75994610635918
36.75,37.12487356772543
66.95,69.22782053371978
65.0,75.65644084847169
51.95,56.26466069782125
0.35,1.13100732594766
21.35,20.795994228079252
0.4,1.13100732594766
65.52,67.11503786196486
14.49,12.604515619143438
15.5,18.291614483027658
49.69,51.1978994854567
28.98,26.896504578879338
125.0,124.87901766137553
5.95,7.849497802058873
8.0,6.960278569001177
118.9,116.57501699016363
80.0,87.3845064233489
40.0,40.71745727609409
45.96,51.471451203427335
17.101,15.673175506144478
25.75,31.130075513511706
60.0,61.72599335368974
99.5,92.15650569557269
17.99,18.8508530797625
0.4,1.0887096019913254
51.0,57.45497508394564
2.25,1.7442240443686399
0.54,1.099364464607696
75.0,64.6076862817836
79.9,78.36255526532769
4.0,4.91359898629633
80.95,84.29310865142686
71.0,65.03669487916135
70.0,71.59389313734674
85.0,70.79505908446446
34.99,39.43371749587266
79.0,82.95318673944462
22.22,22.788025913009474
0.03,1.0339983735313851
72.0,72.41248836054721
105.0,103.74900439023384
16.33,16.365777570672588
0.385,1.0762960974877198
3.0,2.988867729842103
85.0,84.37420880391244
110.0,112.25515328151214
94.99,94.4275422653049
47.84,53.588788955766134
97.77,101.39231281657763
49.0,50.288806504366896
48.0,50.34657638878389
0.525,1.081582077407217
22.7,22.95865768058739
64.0,67.32647684302478
7.49,10.072847303922321
7.0,7.035914776951398
38.5,41.248262470363976
0.1,1.1057521638233758
149.0,141.53741003288445
71.49,72.2010493794873
16.8,17.22402361271254
67.0,67.32647684302478
90.0,90.69106902245942
4.65,6.557209644648365
57.9,59.16472567973172
1.2,1.3455420398250453
50.0,52.94267536478486
50.85,53.138569769676984
65.49,65.96028830190889
75.0,78.71110729026485
82.0,79.8955559542465
74.78,72.5616078672874
64.9,60.079876215802116
14.2,11.238079179916111
51.97,53.138569769676984
23.69,23.865895772225162
60.02,67.43583255793641
0.417,1.0339983735313851
75.0,73.6470850790917
4.0,6.532694307892509
60.0,62.32146895621355
18.5,20.27324338372216
32.0,33.66476730113032
64.0,62.40882484407641
0.94,1.7442240443686399
107.0,108.58232405758525
86.88,87.26565354154219
58.88,65.64950661434257
6.0,6.566032791886396
24.99,23.799330043888368
78.95,79.09750265136417
15.0,13.849758196772981
0.15,1.0722775871050716
16.5,18.71289642221444
22.0,20.57178632308344
59.25,62.72963278523153
109.95,111.32937176327638
61.3,67.18665400884885
71.0,74.58824750149576
290.0,271.91919956831947
69.95,71.38245415628683
32.99,37.00223220247354
104.44,110.47957652259907
5.5,6.652768494597077
56.8,57.1888987261823
0.09,0.8076382992758171
1.1,1.2328578561119679
21.0,22.59859688557296
18.0,16.71343027056308
29.75,27.08004304096738
59.2,62.532907937273464
0.4,1.0887096019913254
25.0,30.228018535694996
61.1,61.22089780799468
68.99,74.34198807281533
20.0,21.33355414239861
114.0,111.58869386949226
28.0,26.862540736162757
87.0,84.67079445629346
59.99,62.67370800023713
14.75,15.144081744625806
11.97,9.047723265528404
21.5,21.8988807930616
1.15,1.497686109307137
66.98979,67.11503786196486
15.5,13.95821795438467
21.99,20.33672579311519
40.666,44.29812205144479
49.27,51.56024881923536
0.3,1.2385915647091832
0.08,1.0087432114071009
77.0,75.8936459598361
21.0,20.272963607580767
42.69,46.86371456705874
47.0,43.90633412878789
0.6,1.0762960974877198
11.75,12.87958174139099
87.0,88.01871519955968
0.09,0.9908969852224624
56.66,54.611502904633134
100.0,97.47947201113135
62.3,64.04999948828863
149.95,156.03173429121898
0.45,0.8328934614001015
68.95,68.50321988226946
71.45,72.41882767282543
14.5,14.65447224523623
6.0,6.8092236951571525
84.0,79.77291458899461
122.98,121.76504664947855
25.875,31.31361397559975
73.0,75.95194967004197
21.2,20.33279937372497
71.5,65.97765014177016
60.0,55.99268886513187
120.0,119.88954759627525
69.99,61.213634457966315
1.0,1.167779406900295
0.4,1.0887096019913254
0.35,1.0887096019913254
25.0,21.784740071169267
11.0,7.16671163588595
39.98,40.08611682749422
4.45,6.463243728939755
19.96,20.33279937372497
89.0,94.83501479654903
20.49,21.00733028112737
69.0,66.06644775757817
0.55,1.0887096019913254
60.0,64.38116379714151
47.85,53.71143032101802
16.0,18.86568941482796
0.2,0.8076382992758171
28.0,25.593452898706747
57.99,57.41769954710347
84.8,86.33224085609764
0.25,0.8925044840107038
2.0,2.5769956401724095
1.31,1.3303862202045307
0.25,1.2091354983735272
20.5,17.71959008425939
1.6,2.299118584635753
50.0,51.63585294274201
0.19,1.0634544398670411
4.0,4.889083649540474
70.88,70.8735495450421
92.0,93.81810710864468
5.75,5.26862579276042
61.5,65.58860951750641
19.0,18.393059660969836
34.2,37.34995107898288
94.0,94.55018363055679
68.6,68.84293421271845
1.6,1.781437623489893
1.0,0.8738080547047162
30.0,27.80814756295435
64.49,61.13683366623557
19.0,18.43707143823606
50.0,58.0517755915992
11.0,12.300735955353636
68.0,68.78739711864033
0.12,1.0175663586451313
19.0,18.93984122233988
5.99,5.244110456004564
37.95,37.79500539049649
1.55,1.7442240443686399
74.2,75.65142254584431
23.99,21.679831197066886
140.0,123.33075511219603
19.5,19.097072958672985
19.99,19.097072958672985
0.75,1.3464103306023854
67.5,67.91441675053377
1.74,1.5129232405332718
25.0,28.015011968105846
103.5,100.27579205550683
150.0,156.37032548508984
19.85,19.35387492464632
88.0,84.83405628024177
110.0,88.73367802529059
46.0,48.99550983697801
23.32,26.656644187801977
47.5,49.35269003645531
68.0,61.92392614560523
15.0,14.65447224523623
79.5,75.7162666656404
18.5,19.326125160451333
0.15,0.8164614465138476
48.5,51.25879658229285
53.0,54.66194226125404
23.0,28.90163049091177
77.0,77.17008318850418
45.0,47.487312218325094
74.77,72.5616078672874
65.95,67.97103223041974
132.0,120.3416859975219
10.99,13.006763850060837
50.5,50.79111624650825
26.5,27.124606714551657
0.27,1.0762960974877198
73.95,75.76669031400421
9.75,10.598952279289344
50.14,53.138569769676984
64.9,64.9280484350849
101.5,104.3066126810058
38.99,36.97291906824628
5.0,2.9639999928915093
60.0001001,59.95723485055023
49.03,51.56024881923536
0.3,2.0739822645894974
24.49,26.572421147902364
2691.0,1804.0891099561145
209.95,208.31810752277735
30.0,27.784485847282674
0.49,1.0428215207694156
2.5,2.7056720097334286
249.0,247.00327295590478
74.0,59.95723485055023
77.0,33.01518002872595
70.0,73.29013015265065
50.9,54.54591496210146
6.56,7.83134101589165
19.8,18.531902127448106
64.66,67.10890683774919
25.0,21.74157546548261
18.89,19.534378640267025
57.01,57.1888987261823
73.0,75.18857771805358
46.0,61.54052524145542
87.95,92.40171253623275
66.0,72.62427577663694
65.0,67.56829542163622
32.0,23.737585775472642
19.97,20.271902276888813
69.0,68.84293421271845
20.5,25.654475913726955
66.99,70.20929041953974
98.0,85.10122153785264
90.0,78.90153833884304
1.25,1.3549015569603862
32.88,37.843700287606566
25.99,23.737585775472642
0.2,1.0762960974877198
0.96,1.2612679898982606
79.98,80.30397405516166
100.0,113.48536445998313
58.0,63.62385898051446
59.95,66.65951057571868
20.2,19.650105696901846
69.0,63.59528477314286
69.95,72.51133755645455
27.5,23.183107017295836
0.06,1.0634544398670411
63.89,65.56155495811932
2.9,3.0556807905542938
27.0,29.11787480724323
60.24,60.784442463989286
49.98,52.27871883821501
64.61,67.11503786196486
125.0,120.3416859975219
0.9,1.004068718655317
20.0,21.543523390394782
21.98,22.653865312288023
67.95,66.947709918899
49.0,60.38287092604794
57.5,59.93603465558213
17.0,16.953360311154274
98.99,93.80059017395357
22.95,24.769950789678727
80.0,80.87670134878394
125.0,119.55481736238545
27.0,23.020401949003116
22.48,20.771395167825883
76.95,77.31313532741504
52.25,54.66194226125404
30.0,26.7393833036612
0.2,1.0087432114071009
27.5,25.409698396334196
66.0,67.97103223041974
10.44,10.6598493761255
80.0,84.95158585060499
74.0,63.12972933873117
15.55,14.966916631276339
27.24,28.477006318924946
53.0,56.539678234940155
2.5,1.8852742222768788
79.4,79.11456837621118
1.499999,1.530705627733751
67.29,65.85500877651826
20.0,20.39560497283265
102.0,106.5398442841825
27.0,24.999372391975935
34.4,36.94133510563739
30.0,29.17850532935972
19.0,20.345521062225345
129.5,124.98328716842894
53.73,54.550605807796984
125.7,126.69100003767848
19.9,21.138985007513796
14.75,14.966916631276339
329.0,294.94110241056404
90.5,80.65541624133473
76.0,73.53381489159953
58.0,57.671425750921976
0.7,0.9110216338259687
24.99,23.09265913145634
68.99,69.83647641710193
65.5,66.93272261503272
77.0,81.33885657165249
98.98,99.92777684293064
56.82,57.1888987261823
59.69,60.252382510744425
50.0,51.1978994854567
66.0,70.39146702919473
63.0,61.662849792678664
0.3055556,1.0762960974877198
9.49,8.924072299750193
75.0,72.60327436366485
44.0,47.85764888365254
66.95,67.53594193394733
26.26,31.130075513511706
59.0,53.002841474763684
98.5,107.66076298716622
0.3,1.0887096019913254
85.0,88.13792607094491
248.88,250.6419086717468
53.1,53.3500087507369
69.69,66.55337312561247
60.0,53.87535111279307
4.8,5.252933603242595
117.17,117.7511307463085
68.5,69.99785143847983
45.0,48.7413726973076
19.0,18.459344672803528
116.0,117.43705946770736
124.97,125.0838459569814
128.88,122.97347232825018
16.66,17.01425740799043
90.0,94.9332656727671
59.56,60.252382510744425
13.85,13.905797715163107
56.4,53.98451382540817
15.0,15.96102989046949
0.15,0.9404777001616245
69.95,73.13336398974123
70.0,71.83345092431638
1.5,1.7442240443686399
1.25191,1.2328578561119679
0.6,0.8738080547047162
71.0,70.33193178479164
69.0,73.11084821103233
169.69,176.81702772113857
160.0,153.5575615027385
22.5,21.90738143642115
9.75,10.537208010873616
17.0,18.081031651511026
1.0,1.3245269250708946
56.91,57.1888987261823
93.0,93.90189195843416
22.9,20.795994228079252
15.0,15.027813728112495
36.69,37.672364025244605
63.6,62.88435012344652
39.99,40.94500751544836
0.5,0.841716608638132
26.49,24.084852507654478
27.99,27.001965349299773
0.18,1.0762960974877198
16.5,16.243136205420704
16.5,11.42161764200415
19.9,19.78966085235262
149.0,150.1508634650892
80.8,78.30165816849153
30.0,29.102394134432295
47.0,48.61873133205571
19.0,18.33216256413368
0.9,1.004068718655317
10.0,13.930097366676815
73.0,70.8794222423108
0.15,1.6509902943161927
140.0,132.6061647557959
22.0,20.795994228079252
0.11,1.0690251576483296
15.4321,8.494689620047906
63.94,66.35346803802591
72.95,72.47097978245507
0.2,1.0339983735313851
0.1,1.0634544398670411
110.0,101.57241370511379
2.45,2.783999505679809
140.0,126.76287751120577
62.23,61.75835669722814
0.235,1.0887096019913254
62.9,64.08669959288234
8.5,8.280594463504704
26.99,33.443108612750606
25.0,33.010996337317685
18.0,17.536331398312743
7.44,7.83134101589165
59.99,62.44411032146544
12.8,14.459798981686504
24.0,23.55376975544664
86.0,87.66233934162497
57.39,57.400337707242215
1.0,1.187327404601962
20.24,20.272963607580767
54.0,57.047255355191965
111.13,107.50715070498238
18.0,19.02436915424294
9.72,10.47631091403746
60.0,60.739195054304595
0.75,1.7817102607856963
63.0,66.93917122627575
94.0,95.14888296880609
27.9,25.908535072268627
92.49,94.62357581548912
2.49,3.013383066597959
14.9,14.318892814887825
0.36,1.13100732594766
69.4,72.46912886485633
30.0,29.345425046597494
28.999,26.8016436393266
64.95,75.65644084847169
75.95,75.89164002076751
0.25,1.0510409353634356
17.5,16.42012092169301
79.35,78.30165816849153
65.0,69.99785143847983
86.95,91.68937112919572
45.02,51.56024881923536
0.1,1.0634544398670411
80.0,79.22426645551612
21.49,20.560369674600082
56.0,55.63870765261925
67.0,69.65820703740947
19.25,18.65454349269999
67.25,66.06644775757817
23.98,20.394543642140697
24.0,26.572421147902364
140.0,138.53546163204965
100.0,100.27579205550683
18.5,19.35167273164832
16.99,18.129584172195216
43.5,43.02630120424132
57.99,57.26948473436304
85.0,84.68923741541391
34.8,39.43371749587266
64.3,67.11503786196486
20.49,20.33279937372497
52.95,57.98729270092212
67.0,75.65644084847169
0.1,1.1415826122929082
1.25,1.5803327113586096
75.0,68.070826375977
1.99,2.5592132529719303
45.0,43.72572053912416
69.0,61.54430151504995
29.99,26.957401675715495
0.3,1.0634544398670411
69.0,68.96215478835163
34.7,36.11701043707104
56.9,57.1888987261823
0.1,1.0087432114071009
32.99,37.00223220247354
0.79,1.0570667406513614
21.75,20.018196175801773
0.19,1.1415826122929082
2.5,2.1414429192041973
37.5,45.66262693279862
58.42,61.9778914177067
1.15,1.2296251285582966
135.0,129.48552511948952
115.0,118.87313798987864
17.0,19.365286386918118
51.94,63.10655399737271
39.89,39.83223551069158
95.0,95.89952314451835
20.0,19.40520662670999
47.98,57.19092674308823
29.99,26.862540736162757
79.95,76.83185967456475
67.61,65.85500877651826
58.75,61.2119532621697
35.0,42.51924585069124
5.0,5.244110456004564
18.81,19.34651262659751
60.0,58.3346438858221
94.95,89.14507999397232
42.69,46.85635229859654
18.05,19.176419957103274
0.29,1.0634544398670411
73.95,75.25413769666204
5.0,6.605251762537087
70.5,69.32391227894033
25.0,24.33618964104152
79.95,78.31220955284194
20.0,19.458571933771868
0.25,1.0339983735313851
5.49,6.463243728939755
15.49,15.901870039716947
124.99,130.58535242190143
66.99,70.20929041953974
96.69,89.8927450430434
59.69,53.77991619621924
41.9,43.42715385970396
48.0,50.77440543659089
145.0,129.6761725135251
4.5,4.510064107453166
105.0,113.65023304929545
10.98,12.756940376139106
26.0,26.497952904378163
21.0,20.408453080241724
51.51,60.791036513504395
48.0,50.349703601203046
22.39,26.59574709096582
30.0,29.821254318269123
57.0,63.24332475564207
69.5,63.66887999080174
0.7,0.9533193577823034
89.9,88.29900069200049
72.5,78.24276341150286
2500.0,3767.7907865567345
0.58,1.0161521473467467
1.45,1.7687393811244954
95.0,94.95765616180093
5.0,5.26862579276042
35.0,37.00223220247354
15.0,11.901440925429466
76.0,75.65644084847169
0.85,1.7442240443686399
24.69,27.06526016114746
90.0,84.62261729918185
69.78,71.01361002167134
54.9,53.666597937017315
35.0,33.26709915422976
2.94,3.013383066597959
3.8,3.8175400631366934
85.0,88.23806281205727
99.0,94.55018363055679
0.9,1.7865217683249746
74.83,72.77304684834732
0.4,1.0161521473467467
33.0,31.495319183917594
5.0,4.231955578719855
77.0,73.31180032275867
18.5,18.847895886747413
22.99,19.711002793738004
1000.0,753.1466213211287
68.0,65.68383387558144
30.0,29.094548864179774
3.4,3.013383066597959
129.95,115.27504287013778
0.92,1.0285840554111725
80.0,81.31435061495463
8.01,8.304581751382061
68.0,66.14751467256656
122.0,117.39800965072803
120.0,113.83958607026861
175.0,170.1170540564419
0.35,1.0887096019913254
313.37,270.8344665559703
35.98,36.7871422598421
130.0,137.72930389496028
23.99,22.99918647378582
64.0,70.14209366223967
66.0,69.61388158725809
74.73,74.78952674288239
3.15,4.931381373496809
15.0,8.248028483919501
0.15,1.1057521638233758
64.0,67.54915081713834
78.0,75.8936459598361
57.0,52.79816793359413
93.95,93.55507325447101
20.0,19.097072958672985
98.95,101.37116741854258
1.9,1.680489736962092
14.0,14.398054713270776
106.99,107.30894175600581
60.0,62.532907937273464
52.5,62.55627856904796
65.0,63.7364240594282
51.5,51.41353295178414
86.99,86.90307725845095
21.97,19.711002793738004
69.27,59.95723485055023
63.0,66.50074801222058
82.0,84.58572946312447
110.0,107.30894175600581
0.65,1.0762960974877198
63.16,66.4761094032778
47.37,51.66515769333775
0.0999,1.0087432114071009
84.0,85.97858077349399
17.5,19.242645021666235
16.0,16.102158496127036
34.5,31.15129421977031
6.5,6.652768494597077
4.99,2.7423132168888285
128.0,121.92191421752807
76.69,76.10307900182742
55.0,54.461726818137144
1.45,1.3303862202045307
23.0,23.889591727340008
61.0,58.323400463257386
20.0,20.27582869627903
80.0,80.34084818954364
135.0,125.64521935583367
67.3,65.85500877651826
30.0,27.23348103225152
4.99,5.3109235167167546
53.0,54.66194226125404
27.99,24.733627959047435
0.1,1.0087432114071009
66.79,66.06644775757817
1.0,1.0570667406513614
16.75,18.74942045510851
1.1,1.2328578561119679
26.98,25.969432169104785
2.29,1.961870363019005
44.0,48.55811401136095
0.07,1.0634544398670411
24.81,26.51067687948664
70.0,68.78203711588229
200.0,192.33971005351
20.5,19.707874797200738
63.0,69.99785143847983
87.45,84.80378121001785
0.19,1.2404314404161583
60.0,66.5687883364087
47.0,56.54334719485853
0.45,0.8328934614001015
111.0,106.061028544705
2.99,3.013383066597959
21.4,21.878464044016813
24.0,21.129971646379254
9.99,9.184921846157257
67.99,73.66803483370178
27.95,23.842494649575023
20.0,21.196256658212945
45.99,46.812340521330306
74.0,68.90336944896248
145.55,150.1508634650892
23.5,20.946433184291212
67.5,69.46127556739789
85.0,87.00638223222698
24.95,33.010996337317685
6.61,8.433113302949364
39.99,31.331985941075878
71.0,72.41248836054721
18.0,19.242645021666235
74.0,73.10861386045
0.61,0.8983233914605717
0.25,1.0887096019913254
72.0,63.53354050472712
76.54,71.00206360756269
24.0,23.393811635480258
56.5,57.75177989341527
63.99,68.69824112220678
44.0,48.078481597949526
27.5,25.366111685478096
62.0,58.109934066174006
63.74,64.07294261149686
19.0,21.727143149806103
25.9,21.74157546548261
16.0,16.434302529333202
61.16,62.44411032146544
40.0,41.32614446879711
75.0,80.49546384772026
105.0,102.07107058408988
0.75,1.072077040195897
13.0,14.398054713270776
76.98,75.1236070891942
56.82,57.62913852816338
72.5,77.95954632370885
0.3,1.13100732594766
130.0,121.69698271769299
76.97,70.66229494813726
110.0,112.77978732834077
85.0,87.32276215493316
64.99,64.73499126500496
72.0,79.45251252866748
125.0,121.57695286131832
0.35,0.8558865167601519
50.6,54.31836472274719
3300.0,1928.200707651827
70.0,69.40244260619818
74.74,62.947068462017484
66.9,72.14794278173945
46.25,48.12336925521723
8.4,8.427223116633945
25.0,21.965805805160485
53.1,53.3500087507369
50.1,62.440625504453706
28.5,25.464173790036188
0.25,1.0339983735313851
23.0,22.421911413560085
15.0,15.274397164054498
0.25,1.0887096019913254
73.95,74.34087521011217
70.99,72.61639321563429
71.0,80.49546384772026
4.5,3.302139870257023
0.41,1.1981337164598236
22.5,22.878942823545465
58.97,61.30075087797773
25.0,26.44977978265048
50.62,54.10692574168728
83.5,85.0797102340744
13.5,12.101098721914854
33.0,29.984954117733963
0.35,1.1668377744171925
130.0,129.25381276254373
1.0,1.7442240443686399
58.25,51.53321242545501
98.69,90.6022714066514
4.0,4.48554877069731
42.0,55.73972962213151
0.25,1.0146937049351008
0.35,1.0161521473467467
95.0,97.71331280682703
18.0,9.416638315491065
79.95,75.4245105862465
99.99,99.96249634357821
5.45,6.463243728939755
70.69,73.75865651632816
0.55,1.099364464607696
125.0,119.93798268721143
9.0,8.911727723598228
0.7,0.9071465386986022
8.75,8.304581751382061
7.5,8.812004465815196
25.0,23.860227140724525
0.25,1.1057521638233758
55.0,52.67552656834224
0.1,1.0331947091787972
75.0,72.57442420961586
20.5,20.33279937372497
134.5,137.79020099179644
77.88,79.35939896238747
0.5,1.0887096019913254
28.99,25.65465736013496
0.79,1.4583663104378648
27.5,31.130075513511706
1.0,1.1489915482325541
0.36,1.0161521473467467
83.95,79.7215074327634
91.2,94.55018363055679
21.5,20.394543642140697
21.0,20.28581171498984
32.0,43.19244617137752
0.33,1.0339983735313851
124.0,116.08773788173377
11.0,6.969101716239208
85.0,84.60182139462303
137.0,138.53546163204965
18.45,19.181747924830077
84.0,84.6777055501203
18.87,19.15159358284244
47.0,46.2083854506448
35.0,36.72624516300595
79.95,76.62042069350484
9.9e-06,-4.910939178646848
21.25,20.33279937372497
56.41,57.400337707242215
88.0,84.3049226966648
10.0,5.433555308137622
6.5,8.475411026905698
25.0,23.469081625389435
69.99,66.14751467256656
62.95,65.68888425396827
24.45,26.718388456217703
114.0,107.83848378608864
0.44,0.7781822329401612
30.0,17.541207974119278
54.6,56.18366302052639
50.17,53.138569769676984
39.99,44.777097067450185
59.9,62.532907937273464
65.0,65.72497708032542
26.4,33.17764947983581
31.0,30.053817799196782
76.0,78.95824510059857
57.0,63.17446271848397
87.99,82.27643663130603
85.0,87.59261510783723
0.1,1.1057521638233758
70.0,71.51400967369801
0.95,1.7865217683249746
68.0,67.15914889995891
53.99,56.3951020015863
50.0,53.37243498526459
2.0,1.5381602429070311
59.88,62.23146636433122
58.5,62.601202735613725
0.72,0.9702640661248368
63.0,68.56209673674684
28.25,25.359264915933807
100.0,100.48814665044894
67.95,66.71890909797781
68.7,68.28915413796318
0.24,1.0887096019913254
30.0,29.36204379144776
144.0,141.53741003288445
22.5,22.938289376949662
92.0,87.47590541084946
125.0,131.36105725289812
55.0,47.99763587896736
52.0,58.39535313010605
111.0,110.2536658629138
0.45,1.0887096019913254
5.0,2.808687797201101
69.69,59.95723485055023
110.0,109.17258812076265
47.85,53.80022793682605
57.11,57.62913852816338
9.25,8.740533837662154
0.12,1.0887096019913254
77.0,76.07876841615784
1.35,1.7687393811244954
21.0,20.33672579311519
71.0,72.99920201003317
0.39,1.0887096019913254
0.09,1.0634544398670411
64.9,64.9280484350849
59.82,62.85227415048342
70.0,69.61388158725809
0.35,1.0762960974877198
53.88,51.25879658229285
43.5,43.08804547265706
109.0,107.68571802662446
112.0,105.9456637756542
60.0,66.9648071181556
110.0,105.12419901166955
21.9,20.414382304763897
130.0,126.56835867242658
0.15,1.0634544398670411
59.99,59.42055634638121
89.0,90.90725451859456
44.0,48.79388708450029
65.9,65.837646936657
125.9,120.98774312345738
57.15,57.400337707242215
17.75,18.8508530797625
200.0,208.3720629702633
26.0,33.010996337317685
10.5,12.87958174139099
55.96,57.400337707242215
46.51,51.34880983817545
105.0,108.12323538494917
35.5,34.056596674710754
35.0,34.71599038901955
21.0,20.850671834275158
63.63,64.30211408370629
35.0,36.94133510563739
3.5,2.2952916640939494
145.0,143.68768811712008
0.153037884,1.0339983735313851
6.0,5.26862579276042
30.05,25.175726453845765
26.5,25.55588906893351
60.0,62.67370800023713
0.25,1.0887096019913254
20.0,20.693760294567607
71.0,69.40244260619818
2.65,3.031165453798438
58.27,61.76645243664679
60.0,62.67370800023713
26.99,23.183107017295836
200.0,197.24555960586613
106.9,115.79482624095235
0.25,1.13100732594766
0.48,1.0339983735313851
0.12,1.1057521638233758
99.99,99.92158359947379
75.0,73.79067619895368
66.65,59.95723485055023
0.14,0.8857664717016843
27.5,28.731495211532476
129.99,137.79020099179644
10.5,5.433555308137622
80.0,80.21517643935364
49.26,51.34880983817545
50.3,54.31836472274719
0.3,1.0339983735313851
0.25,1.269887506751814
53.45,64.59423477439555
74.5,75.1236070891942
0.85,1.0708817793675072
15.0,13.986029223984497
0.15,1.0634544398670411
26.0,21.784740071169267
89.5,88.13450252717351
11.0,16.409296610431575
76.0,68.62586124752136
29.2,26.48820229834371
0.275,1.0887096019913254
0.16,1.0175663586451313
62.5,64.04999948828863
90.0,88.92387529304078
128.0,134.62630543312096
0.39,1.13100732594766
25.0,21.3506052028049
0.2,1.0887096019913254
101.11,103.3902150606131
3.0,3.031165453798438
0.13,1.0634544398670411
8.0,8.090640561053316
135.0,123.96174908740423
0.41,1.0146937049351008
22.0,20.33279937372497
30.0,36.06541269421713
33.0,37.00223220247354
5.4,6.463243728939755
56.96,66.1558505780741
52.0,52.160234501003764
66.0,65.51459583879179
5.5,5.713886785484701
30.0,33.010996337317685
100.0,99.04627743061612
68.88,69.99228738372128
119.0,101.0610177747385
125.0,120.68336715254915
78.5,79.17375972052236
4.69,6.5055414528960895
0.13,1.0331947091787972
0.08,1.0634544398670411
78.5,76.28769136529753
7.0,8.58956850350944
98.0,97.96923786846538
0.88,1.7865217683249746
89.95,92.2625018756211
0.06,1.1057521638233758
0.59,1.3269442308500978
0.42,1.0087432114071009
39.5,33.12123636939844
63.74,63.96803373739448
64.0,67.05536398028461
24.99,21.679831197066886
43.0,37.17400107952927
14.88,14.966916631276339
19.8,19.473481543430868
59.0,62.67370800023713
66.0,70.20929041953974
0.7,1.1730821847200161
54.95,57.94924629715219
102.345,102.54115750280074
1.4,1.7687393811244954
4.99,6.5749920318488435
30.0,26.844808245013255
0.8,1.0570667406513614
5.0,6.532694307892509
44.95,49.76523924329213
59.0,66.70503236715591
11.0,13.045387712329527
21.0,20.773875963405462
57.04,57.1888987261823
50.0,48.5896513839321
42.0,46.812340521330306
0.2,0.9908969852224624
0.1,1.0175663586451313
0.05,1.0634544398670411
43.0,38.78330364655961
1.8,2.0033079036314207
23.95,26.51067687948664
0.3,1.0161521473467467
65.0,66.68754838433772
84.0,83.35448504102033
74.74,72.77304684834732
39.99,33.26709915422976
0.7164,1.6530154215079444
86.0,91.78895624360189
127.99,125.37196777021397
19.4,18.740778537479162
0.25,1.0887096019913254
1.05,1.3916012053027573
19.99,19.448962404737337
6.25,5.244110456004564
74.79,73.41898616279555
78.0,78.85732666828164
0.1,1.0634544398670411
1.0,0.6905243784668403
37.0,45.56728811825488
65.99,69.27980124094628
61.0,67.53508244439841
24.0,23.84840619364493
0.075,1.0510409353634356
75.0,70.13664464126653
0.35,0.8328934614001015
100.0,106.5398442841825
14.25,14.058586678629078
0.1,1.0087432114071009
51.71,54.873381242313954
21.97,20.455440738976854
4.0,6.463243728939755
74.99,75.8185851985581
69.95,80.05521986833111
56.63,57.1888987261823
59.8,62.32146895621355
107.5,113.38409374755798
28.01,23.737585775472642
69.0,68.99512757489937
104.69,104.4292540462577
36.5,36.28363982752144
22.99,20.125934968573475
1.2,1.7687393811244954
71.99,71.74333762854988
77.77,77.85542152818081
49.0,48.96871865930085
20.9,18.079618811678976
5.0,6.487759065695611
98.69,99.96249634357821
15.99,15.027813728112495
21.0,41.91380378444511
74.0,73.719177043172
96.99,101.50966416047049
38.0,40.71745727609409
1.5,1.5288007257716902
19.25,19.292977827810162
17.42,20.271902276888813
19.69,19.097072958672985
103.0,105.48728959530075
78.0,78.68127621054511
47.5,62.440625504453706
75.0,84.49478375581585
1.65,1.3492281695864974
1.0,1.1106253622654478
49.0,54.01603339981391
16.9,20.33279937372497
62.0,66.03069213337668
90.0,82.16660926337566
21.0,20.759298839909093
110.1,106.00013144786884
57.5,56.43852852732653
32.0,28.749227702681978
66.95,59.95723485055023
0.17,1.0887096019913254
69.0,69.11776894015127
135.0,124.97330324018179
85.0,79.2779354209312
74.78,72.5616078672874
0.2,1.0175663586451313
15.49,15.027813728112495
80.2,79.30651731819891
26.99,31.190972610347863
149.99,149.07443842047553
8.88,8.867715946332002
5.74,5.286408179960898
5.99,5.26862579276042
35.0,42.69283525769489
14.5,16.083671255721374
104.9,100.59104150895354
33.0,31.419798369853517
4.3,4.5278464946536445
59.99,53.90255756147113
40.0,33.74233182248681
17.5,15.11904436881115
70.99,76.10508494089602
80.0,79.2177197023909
66.66,69.3132707150633
27.99,31.70498800294009
3.99,2.973444357812866
0.35,1.13100732594766
53.99,53.73344832602942
35.55,37.672364025244605
56.76,57.1888987261823
21.3,20.735097131243094
40.0,34.48512882507391
0.24,1.0887096019913254
37.6,40.44915273461709
18.0,18.39844757596737
0.88,1.4087392268130061
98.0,73.1874658138592
1.3,1.3549015569603862
97.0,99.90159924674205
1.2,1.7442240443686399
63.94,66.35346803802591
0.07,1.0087432114071009
22.97,20.186832065409632
80.0,78.20338480980229
60.0,65.64950661434257
95.0,93.90189195843416
60.0,58.99624083966779
35.0,30.41345225216284
149.99,148.81078845503353
60.245,60.5877176160312
2.9,3.0556807905542938
24.0,26.572421147902364
45.0,45.715861115106954
290.0,283.16544330664567
28.0,28.480619029114756
103.25,105.49509570683045
29.99,26.957401675715495
71.95,72.06512132940917
18.0,17.71959008425939
63.98,65.77214797959446
0.4,0.7781822329401612
44.0,43.223640451964776
80.0,72.80263792728086
50.0,56.95037933279546
63.5,61.432336789054595
23.97,24.76663117091963
58.72,61.30075087797773
4.0,5.26862579276042
44.0,46.81970278979251
99.98,96.76232944854864
86.95,81.96984438441152
0.5,1.13100732594766
58.27,62.17461626566477
0.11,1.13100732594766
0.25,1.0887096019913254
25.0,27.001965349299773
26.0,23.860227140724525
90.0,88.21659419479383
116.0,116.87331832286006
49.8,51.38143794754474
65.0,67.3352999902628
0.11,1.0510409353634356
31.49,31.259625216508645
275.0,281.66157194636804
120.0,115.46309964005032
109.79,100.89400510349485
200.0,183.59551804901614
70.0,69.37247795158987
0.42,1.0887096019913254
6.0,7.899129568338692
0.4,1.0887096019913254
51.9,54.66194226125404
0.3,1.0887096019913254
100.0,109.14016600957306
1.75,1.530705627733751
11.0,21.521962368721066
24.5,22.08844717041237
65.55,67.78094626888759
0.45,1.2215490028771328
0.46,0.7781822329401612
20.0,19.401974746002207
9.5,8.924072299750193
0.11,1.0887096019913254
21.0,23.521555264879506
1.2,1.7442240443686399
23.5,21.129971646379254
19.0,18.847895886747413
0.69,2.427918315912845
68.79,66.03840550305853
0.5,1.0339983735313851
91.91,75.71112429100604
41.75,45.24386141022932
32.5,33.887329403881104
10.0,9.630039438150426
13.5,12.101098721914854
25.0,24.571760066462133
25.0,27.892370602853962
48.85,60.23601999393763
40.0,34.54602592191006
19.0,18.454803929385562
24.8,21.679831197066886
55.86,54.51949835692557
52.0,57.71692079999933
61.07,62.72963278523153
65.0,67.88355358949518
13.0,9.047723265528404
2.58,2.783999505679809
0.16,1.1121721377108615
65.95,67.5409423087953
58.15,60.27011500189393
35.0,34.14166280339587
70.0,69.58391693264979
69.95,71.00730608014553
3.49,3.8263632103747245
3.5,2.7664404923054664
145.0,143.74858521395623
24.0,21.679831197066886
23.0,20.795994228079252
50.15,53.138569769676984
63.63,65.77299393917923
23.99,29.734428532810618
21.4,20.271902276888813
98.98,100.48814665044894
143.0,145.7506365249224
139.99,135.72086696898268
22.22,23.676688678636484
1.0,1.177438422977638
24.5,21.679831197066886
22.5,21.679831197066886
64.99,74.13070297815047
23.5,20.262485771926386
29.99,29.801415655645922
74.78,72.6842492325393
40.0,38.19954837111733
57.04,57.5052465813446
14.88,14.10867058923638
47.0,51.2933329032734
139.0,143.85520390964393
23.85,9.066062279856954
0.31,1.0161521473467467
1.99,2.5346979162160745
23.5,24.769950789678727
101.5,98.98538033377996
16.49,17.284920709548697
22.88,23.385665787983417
67.0,60.311806478027314
85.0,88.3106310137476
1.4,1.7865217683249746
30.0,29.984954117733963
54.2,56.3951020015863
60.0,57.75177989341527
24.0,23.121827839037703
59.03,61.08931189691781
3.5,3.884353123848884
37.0,40.71745727609409
0.95,1.2296251285582966
69.95,73.66803483370178
7.5,10.244210405811653
68.8,70.8794222423108
89.47,88.86297819620462
35.5,37.00223220247354
57.52,57.1888987261823
1.87,1.5217463877713024
7.5,6.960278569001177
87.99,86.24690250385643
35.0,37.10714107657593
99.98,95.15131997350795
0.68,0.8738080547047162
57.03,57.41769954710347
93.95,91.16766551950788
24.0,29.67353143597446
195.0,182.7007420388916
25.0,22.330718185986523
1.75,1.497231051015447
20.0,20.333860704416924
17.45,21.138985007513796
2.5,3.0645039377923244
83.7,83.30343239997822
75.0,72.06809658610278
1.3,1.360697108924283
16.5,17.01425740799043
168.0,169.09933262417596
1.29,1.7687393811244954
0.25,1.0762960974877198
80.0,78.48519663057958
58.28,62.17461626566477
0.15,1.0722775871050716
20.0,20.125934968573475
5.0,6.629767099292943
2.79,3.013383066597959
99.99,96.51016229369468
101.1,97.71331280682703
59.98,62.67370800023713
23.5,23.09265913145634
14.75,13.802770538037851
67.3,66.06644775757817
3.05,3.0556807905542938
139.9,122.74172225558718
59.6,62.32146895621355
98.95,99.09772006607332
3.45,3.884353123848884
170.0,169.15078124859676
24.1,23.682727322188512
25.5,22.61771850110398
66.0,66.14972503881063
1.75,1.530705627733751
25.52,27.14793265761511
125.0,122.49200087473831
26.0,27.0637096177155
8.0,7.017597657365379
68.0,59.95723485055023
0.15,0.9167214842480964
3.75,3.842055399892549
46.0,49.9927894826464
28.99,27.892370602853962
1.45,1.7442240443686399
0.201127677,1.0887096019913254
0.14,0.9219605503463598
400.0,344.50914792327416
37.5,40.956934849271924
56.5,57.62788794659649
60.0,61.93247865889523
38.0,34.479169721504654
0.075,1.1057521638233758
5.88,5.3109235167167546
9.8,10.537208010873616
0.14,1.0762960974877198
19.0,19.407409723433666
104.9,107.38437874518446
22.5,22.97639017173689
45.0,43.96807839720363
0.5,1.0887096019913254
63.95,66.4761094032778
19.0,18.970537251999296
34.99,34.77773465743529
68.8,65.68383387558144
1.5,1.9366152008947197
94.99,94.4275422653049
146.2,144.41561826444317
87.5,82.2172588691454
2.4,2.0041680869753398
9.69,10.726134387959192
1.0,1.0570667406513614
15.0,15.278937907472462
145.0,131.37276909697434
63.49,64.05325197619217
1.86,2.0033079036314207
64.28,62.76170875819463
7.5,6.5749920318488435
0.85,1.7865217683249746
20.5,22.788025913009474
6.5,5.252933603242595
16.0,18.547430623618883
22.97,22.660341153988686
0.66,1.2455605189678323
128.0,125.17646255633043
0.4,0.9968474787504625
63.99,64.56431490342712
0.99,0.9614409188868064
71.5,69.09511145801915
78.0,78.30165816849153
85.21,82.67940993670054
80.0,75.3018692209946
39.5,39.998888653209704
109.99,110.29175670089037
68.9,63.64678552044217
48.55,51.1978994854567
120.0,120.0730860583633
120.0,104.52761141387798
50.0,50.59047670389346
35.0,29.838986809418625
27.0,26.074659198172437
14.99,14.169567686072536
30.0,29.155363679175952
44.99,44.193311476125466
52.0,57.71692079999933
300.0,285.34875787815383
53.0,60.57959753244448
25.95,23.96524543385676
95.0,91.4071772353364
64.45,67.11503786196486
61.49,63.59757766132342
95.0,92.01437000302201
0.91,1.7442240443686399
30.0,28.91017643193389
87.5,88.52086635142194
69.95,70.20929041953974
26.99,20.828489655509376
1.75,2.5769956401724095
33.6,30.34492633350077
86.5,77.86771695916462
0.675,1.1238798013635516
10.0,10.603493022707308
58.5,66.81835062635784
89.99,88.59482968188608
130.0,128.42059145850752
0.21,1.1668833661708018
63.76,65.56155495811932
80.0,87.04083749539981
33.99,38.037358092924386
46.0,62.22918652339379
0.12,0.9450089040005526
